full_name,team,position,games_played,pts_ppr,projected_full_season_pts
Jonathan Taylor,IND,RB,10.0,273.9,465.62999999999994
Christian McCaffrey,SF,RB,10.0,248.8,422.96000000000004
Patrick Mahomes,KC,QB,9.0,211.46,399.4244444444444
Josh Allen,BUF,QB,9.0,209.66,396.02444444444444
Lamar Jackson,BAL,QB,6.0,136.56,386.92
Puka Nacua,LAR,WR,8.0,179.0,380.375
Jaxon Smith-Njigba,SEA,WR,9.0,197.3,372.6777777777778
Jalen Hurts,PHI,QB,8.0,174.78,371.4075
De'Von Achane,MIA,RB,10.0,213.5,362.95000000000005
Drake Maye,NE,QB,10.0,212.7,361.59
Matthew Stafford,LAR,QB,9.0,190.18,359.2288888888889
Justin Herbert,LAC,QB,10.0,210.8,358.36
Ja'Marr Chase,CIN,WR,9.0,187.7,354.5444444444444
Caleb Williams,CHI,QB,9.0,186.24,351.7866666666667
Jahmyr Gibbs,DET,RB,9.0,184.0,347.55555555555554
Amon-Ra St. Brown,DET,WR,9.0,182.2,344.15555555555557
Daniel Jones,IND,QB,10.0,199.66,339.422
Bijan Robinson,ATL,RB,9.0,179.6,339.24444444444447
Drake London,ATL,WR,8.0,158.1,335.9625
Josh Jacobs,GB,RB,8.0,156.8,333.20000000000005
Dak Prescott,DAL,QB,9.0,174.86,330.29111111111115
Bo Nix,DEN,QB,10.0,193.54,329.018
Brock Purdy,SF,QB,2.0,38.44,326.74
Jayden Daniels,WAS,QB,6.0,113.56,321.75333333333333
Baker Mayfield,TB,QB,9.0,165.48,312.5733333333333
Jared Goff,DET,QB,9.0,164.7,311.09999999999997
James Cook,BUF,RB,9.0,162.4,306.75555555555553
Bucky Irving,TB,RB,4.0,72.0,306.0
George Pickens,DAL,WR,9.0,161.4,304.8666666666667
Jordan Love,GB,QB,8.0,142.84,303.535
Javonte Williams,DAL,RB,9.0,155.9,294.47777777777776
Davante Adams,LAR,WR,9.0,152.8,288.6222222222222
Trevor Lawrence,JAX,QB,9.0,150.12,283.56
Kyren Williams,LAR,RB,9.0,149.6,282.5777777777777
Sam Darnold,SEA,QB,9.0,148.38,280.2733333333333
Jaxson Dart,NYG,QB,10.0,163.38,277.74600000000004
Emeka Egbuka,TB,WR,9.0,146.6,276.9111111111111
J.J. McCarthy,MIN,QB,4.0,64.68,274.89000000000004
Saquon Barkley,PHI,RB,8.0,127.8,271.575
Aaron Rodgers,PIT,QB,9.0,142.92,269.96
D'Andre Swift,CHI,RB,8.0,126.4,268.6
C.J. Stroud,HOU,QB,8.0,125.98,267.7075
Justin Fields,NYJ,QB,8.0,124.32,264.18
CeeDee Lamb,DAL,WR,6.0,90.3,255.85
Michael Pittman,IND,WR,10.0,150.0,255.0
Chris Olave,NO,WR,10.0,149.1,253.47
Joe Flacco,CIN,QB,9.0,133.66,252.4688888888889
Rico Dowdle,CAR,RB,10.0,147.0,249.89999999999998
Justin Jefferson,MIN,WR,9.0,132.0,249.33333333333331
Ashton Jeanty,LV,RB,9.0,131.3,248.01111111111115
Breece Hall,NYJ,RB,9.0,130.56,246.61333333333334
Michael Penix,ATL,QB,8.0,115.38,245.1825
DeVonta Smith,PHI,WR,8.0,114.8,243.95
Jaylen Waddle,MIA,WR,10.0,143.32,243.64399999999998
Rome Odunze,CHI,WR,9.0,128.9,243.4777777777778
Nico Collins,HOU,WR,8.0,113.8,241.825
Garrett Wilson,NYJ,WR,7.0,99.5,241.64285714285714
Ladd McConkey,LAC,WR,10.0,138.1,234.76999999999998
Travis Etienne,JAX,RB,9.0,123.6,233.46666666666664
Jaylen Warren,PIT,RB,8.0,109.8,233.325
Tua Tagovailoa,MIA,QB,10.0,136.88,232.69599999999997
Mac Jones,SF,QB,10.0,136.44,231.948
Quentin Johnston,LAC,WR,9.0,121.9,230.25555555555556
Kyler Murray,ARI,QB,6.0,80.78,228.87666666666667
Deebo Samuel,WAS,WR,9.0,120.5,227.61111111111111
Zay Flowers,BAL,WR,9.0,119.1,224.96666666666664
Tee Higgins,CIN,WR,9.0,118.1,223.07777777777778
Romeo Doubs,GB,WR,8.0,104.1,221.21249999999998
Keenan Allen,LAC,WR,10.0,129.9,220.83
Derrick Henry,BAL,RB,9.0,116.9,220.8111111111111
Geno Smith,LV,QB,9.0,116.56,220.1688888888889
Chase Brown,CIN,RB,9.0,115.1,217.4111111111111
Cam Skattebo,NYG,RB,10.0,127.7,217.09
Courtland Sutton,DEN,WR,10.0,126.0,214.2
Wan'Dale Robinson,NYG,WR,10.0,125.4,213.18
Marvin Harrison,ARI,WR,9.0,112.5,212.5
DK Metcalf,PIT,WR,9.0,112.2,211.93333333333334
A.J. Brown,PHI,WR,7.0,86.5,210.07142857142858
Stefon Diggs,NE,WR,10.0,123.4,209.78
Khalil Shakir,BUF,WR,9.0,109.2,206.26666666666665
Tetairoa McMillan,CAR,WR,10.0,119.8,203.66
Troy Franklin,DEN,WR,10.0,119.4,202.98000000000002
Quinshon Judkins,CLE,RB,9.0,107.1,202.29999999999998
Tre Tucker,LV,WR,9.0,107.1,202.29999999999998
David Montgomery,DET,RB,9.0,105.32,198.93777777777777
J.K. Dobbins,DEN,RB,10.0,115.9,197.03
Alec Pierce,IND,WR,8.0,92.5,196.5625
Bryce Young,CAR,QB,9.0,103.96,196.36888888888888
Jameson Williams,DET,WR,9.0,98.5,186.05555555555557
Rashid Shaheed,SEA,WR,10.0,107.7,183.09
Marquise Brown,KC,WR,9.0,96.9,183.03333333333336
Brian Thomas,JAX,WR,8.0,85.6,181.89999999999998
Kayshon Boutte,NE,WR,9.0,96.1,181.5222222222222
Rachaad White,TB,RB,9.0,95.8,180.95555555555555
Ricky Pearsall,SF,WR,5.0,52.3,177.82
Spencer Rattler,NO,QB,10.0,104.14,177.03799999999998
Kenneth Walker,SEA,RB,9.0,91.2,172.26666666666665
Zach Charbonnet,SEA,RB,8.0,80.0,170.0
RJ Harvey,DEN,RB,10.0,99.9,169.83
DJ Moore,CHI,WR,9.0,89.78,169.58444444444444
Tony Pollard,TEN,RB,9.0,89.3,168.67777777777778
Terry McLaurin,WAS,WR,4.0,39.3,167.02499999999998
Jauan Jennings,SF,WR,8.0,78.4,166.60000000000002
Woody Marks,HOU,RB,9.0,87.7,165.65555555555557
Alvin Kamara,NO,RB,10.0,97.2,165.24
Chuba Hubbard,CAR,RB,8.0,77.2,164.05
Jacoby Brissett,ARI,QB,9.0,85.92,162.29333333333335
Parker Washington,JAX,WR,9.0,85.5,161.5
Jakobi Meyers,JAX,WR,8.0,75.3,160.0125
Rhamondre Stevenson,NE,RB,8.0,74.8,158.95
TreVeyon Henderson,NE,RB,10.0,93.4,158.78
Josh Downs,IND,WR,9.0,83.6,157.9111111111111
Jordan Mason,MIN,RB,9.0,82.8,156.39999999999998
Keon Coleman,BUF,WR,9.0,81.0,153.0
Xavier Worthy,KC,WR,7.0,62.9,152.75714285714287
Kareem Hunt,KC,RB,9.0,80.7,152.43333333333334
Kenneth Gainwell,PIT,RB,9.0,80.3,151.67777777777778
Kendrick Bourne,SF,WR,9.0,79.2,149.60000000000002
Cam Ward,TEN,QB,9.0,79.0,149.22222222222223
Jordan Addison,MIN,WR,9.0,78.8,148.84444444444443
Tez Johnson,TB,WR,8.0,69.0,146.625
Cooper Kupp,SEA,WR,8.0,67.7,143.8625
Carson Wentz,MIN,QB,9.0,75.34,142.3088888888889
Tory Horton,SEA,WR,8.0,65.1,138.33749999999998
Jacory Croskey-Merritt,WAS,RB,10.0,81.3,138.20999999999998
Calvin Austin,PIT,WR,7.0,56.7,137.7
Elic Ayomanor,TEN,WR,9.0,70.3,132.7888888888889
Tyler Allgeier,ATL,RB,9.0,70.0,132.22222222222223
Omarion Hampton,LAC,RB,10.0,77.0,130.9
Dillon Gabriel,CLE,QB,9.0,69.16,130.63555555555556
Nick Chubb,HOU,RB,9.0,69.1,130.5222222222222
Kyle Monangai,CHI,RB,9.0,68.3,129.01111111111112
Isiah Pacheco,KC,RB,8.0,60.2,127.92500000000001
Calvin Ridley,TEN,WR,6.0,45.0,127.5
Jerry Jeudy,CLE,WR,9.0,67.5,127.5
Rashee Rice,KC,WR,9.0,67.3,127.12222222222222
Marcus Mariota,WAS,QB,10.0,74.48,126.61600000000001
Kimani Vidal,LAC,RB,10.0,73.7,125.29
Malik Washington,MIA,WR,10.0,73.0,124.1
Olamide Zaccheaus,CHI,WR,9.0,65.3,123.34444444444445
Justice Hill,BAL,RB,9.0,65.2,123.15555555555555
Jalen Nailor,MIN,WR,9.0,64.7,122.21111111111111
Sterling Shepard,TB,WR,9.0,64.7,122.21111111111111
Travis Hunter,JAX,WR,9.0,63.8,120.5111111111111
Mack Hollins,NE,WR,10.0,70.7,120.19
Tyquan Thornton,KC,WR,9.0,63.1,119.18888888888888
Darius Slayton,NYG,WR,8.0,55.3,117.51249999999999
Xavier Hutchinson,HOU,WR,9.0,61.7,116.54444444444445
DeMario Douglas,NE,WR,10.0,68.3,116.11
Marvin Mims,DEN,WR,9.0,60.8,114.84444444444445
Matthew Golden,GB,WR,8.0,53.7,114.11250000000001
Tyrone Tracy,NYG,RB,8.0,53.5,113.6875
JuJu Smith-Schuster,KC,WR,9.0,60.1,113.52222222222223
Jayden Higgins,HOU,WR,9.0,57.1,107.85555555555557
Raheim Sanders,CLE,RB,1.0,6.3,107.1
Xavier Legette,CAR,WR,8.0,50.1,106.4625
Jake Browning,CIN,QB,9.0,56.18,106.11777777777777
Joshua Palmer,BUF,WR,6.0,37.4,105.96666666666667
Dyami Brown,JAX,WR,8.0,49.5,105.1875
Zonovan Knight,ARI,RB,7.0,42.2,102.4857142857143
Chimere Dike,TEN,WR,9.0,54.1,102.18888888888888
KaVontae Turpin,DAL,WR,7.0,42.0,102.0
Hunter Renfrow,CAR,WR,6.0,35.9,101.71666666666667
Christian Kirk,HOU,WR,5.0,28.8,97.92
Malik Nabers,NYG,WR,10.0,57.1,97.07
Michael Wilson,ARI,WR,9.0,51.1,96.52222222222223
Mike Evans,TB,WR,6.0,34.0,96.33333333333334
Aaron Jones,MIN,RB,9.0,50.7,95.76666666666668
Luther Burden,CHI,WR,8.0,44.8,95.19999999999999
Chris Godwin,TB,WR,2.0,11.2,95.19999999999999
Rashod Bateman,BAL,WR,9.0,49.4,93.31111111111112
Bhayshul Tuten,JAX,RB,9.0,48.5,91.61111111111111
Tyreek Hill,MIA,WR,10.0,53.5,90.94999999999999
Russell Wilson,NYG,QB,10.0,52.84,89.82800000000002
Andrei Iosivas,CIN,WR,9.0,46.5,87.83333333333334
Luke McCaffrey,WAS,WR,10.0,51.3,87.21
Dylan Sampson,CLE,RB,9.0,45.3,85.56666666666666
DeAndre Hopkins,BAL,WR,9.0,44.8,84.62222222222222
Ryan Flournoy,DAL,WR,9.0,44.3,83.67777777777776
Jeremy McNichols,WAS,RB,10.0,49.1,83.47
Jaylin Noel,HOU,WR,9.0,44.1,83.30000000000001
Tyjae Spears,TEN,RB,9.0,43.8,82.73333333333332
Emari Demercado,ARI,RB,8.0,38.5,81.8125
Chris Rodriguez,WAS,RB,8.0,38.0,80.75
Blake Corum,LAR,RB,9.0,42.2,79.71111111111111
Darnell Mooney,ATL,WR,7.0,32.0,77.71428571428571
Isaiah Davis,NYJ,RB,9.0,40.7,76.87777777777778
Dontayvion Wicks,GB,WR,6.0,26.4,74.8
Jalen Tolbert,DAL,WR,9.0,39.2,74.04444444444445
Tyler Johnson,NYJ,WR,8.0,34.7,73.73750000000001
Brian Robinson,SF,RB,10.0,43.3,73.61
Devontez Walker,BAL,WR,5.0,21.0,71.4
Jaylin Lane,WAS,WR,10.0,40.9,69.53
Cedric Tillman,CLE,WR,9.0,36.7,69.32222222222224
Emanuel Wilson,GB,RB,8.0,32.6,69.275
Greg Dortch,ARI,WR,9.0,36.3,68.56666666666666
Davis Mills,HOU,QB,9.0,36.08,68.1511111111111
Jerome Ford,CLE,RB,9.0,36.0,68.0
Roman Wilson,PIT,WR,9.0,35.9,67.81111111111112
Trey Benson,ARI,RB,9.0,35.4,66.86666666666666
Brashard Smith,KC,RB,9.0,34.4,64.97777777777777
Zay Jones,ARI,WR,8.0,30.3,64.3875
Tyrod Taylor,NYJ,QB,8.0,30.16,64.09
Samaje Perine,CIN,RB,9.0,33.8,63.844444444444434
James Conner,ARI,RB,9.0,33.3,62.9
Michael Carter,ARI,RB,9.0,32.8,61.95555555555555
Jahan Dotson,PHI,WR,8.0,29.1,61.837500000000006
Kalif Raymond,DET,WR,9.0,32.2,60.82222222222222
Brandin Cooks,NO,WR,10.0,35.5,60.349999999999994
Zavier Scott,MIN,RB,8.0,28.2,59.925
Elijah Moore,BUF,WR,8.0,27.9,59.287499999999994
Tyler Shough,NO,QB,10.0,34.54,58.717999999999996
Curtis Samuel,BUF,WR,5.0,17.2,58.48
Van Jefferson,TEN,WR,9.0,30.7,57.98888888888889
Tre' Harris,LAC,WR,10.0,33.5,56.95
Miles Sanders,DAL,RB,8.0,26.7,56.7375
Kendre Miller,NO,RB,10.0,33.3,56.60999999999999
Josh Reynolds,NYJ,WR,7.0,23.1,56.1
Tutu Atwell,LAR,WR,8.0,26.4,56.099999999999994
Ollie Gordon,MIA,RB,10.0,32.9,55.93
Sean Tucker,TB,RB,9.0,29.5,55.72222222222222
Devin Singletary,NYG,RB,10.0,31.6,53.72
Chris Moore,WAS,WR,10.0,31.3,53.21
Pat Bryant,DEN,WR,10.0,30.9,52.53
Isaiah Bond,CLE,WR,8.0,24.2,51.425
Tyler Lockett,LV,WR,9.0,26.4,49.86666666666666
Allen Lazard,NYJ,WR,6.0,17.5,49.58333333333333
Jimmy Horn,CAR,WR,6.0,17.0,48.16666666666667
Jordan Whittington,LAR,WR,9.0,25.3,47.78888888888889
Adonai Mitchell,NYJ,WR,8.0,22.2,47.175
Ty Johnson,BUF,RB,9.0,24.9,47.03333333333333
Demarcus Robinson,SF,WR,10.0,27.2,46.239999999999995
Raheem Mostert,LV,RB,6.0,16.2,45.9
Tyler Huntley,BAL,QB,9.0,23.36,44.12444444444444
Casey Washington,ATL,WR,6.0,15.4,43.63333333333334
Christian Watson,GB,WR,8.0,20.3,43.1375
Isaac TeSlaa,DET,WR,9.0,22.5,42.5
Keaton Mitchell,BAL,RB,5.0,12.5,42.5
Braxton Berrios,HOU,WR,4.0,9.7,41.224999999999994
Brycen Tremayne,CAR,WR,9.0,21.6,40.800000000000004
Antonio Gibson,NE,RB,10.0,23.2,39.44
Jamari Thrash,CLE,WR,9.0,20.7,39.099999999999994
Savion Williams,GB,WR,8.0,18.1,38.462500000000006
George Holani,SEA,RB,9.0,20.2,38.15555555555556
Tyler Badie,DEN,RB,9.0,19.6,37.022222222222226
Quinn Ewers,MIA,QB,1.0,2.12,36.04
Tim Patrick,JAX,WR,8.0,16.3,34.6375
Ameer Abdullah,IND,RB,9.0,18.0,34.0
Jaydon Blue,DAL,RB,4.0,8.0,34.0
Nick Westbrook-Ikhine,MIA,WR,10.0,19.9,33.83
Ray-Ray McCloud,NYG,WR,7.0,13.9,33.75714285714286
Dont'e Thornton,LV,WR,8.0,15.8,33.575
Kameron Johnson,TB,WR,9.0,17.7,33.43333333333333
Devaughn Vele,NO,WR,9.0,17.4,32.86666666666666
Devin Neal,NO,RB,7.0,13.4,32.542857142857144
Jaret Patterson,LAC,RB,4.0,7.5,31.875
Cody White,SEA,WR,7.0,13.0,31.571428571428573
Zamir White,LV,RB,4.0,7.4,31.450000000000003
Malik Heath,GB,WR,8.0,14.6,31.025
Kyle Williams,NE,WR,10.0,18.0,30.6
Ray Davis,BUF,RB,9.0,16.2,30.599999999999998
Joe Burrow,CIN,QB,9.0,15.86,29.957777777777775
Isaiah Williams,NYJ,WR,8.0,14.0,29.75
Robbie Chosen,WAS,WR,6.0,10.3,29.183333333333337
Braelon Allen,NYJ,RB,9.0,15.3,28.900000000000002
Adam Thielen,MIN,WR,9.0,15.3,28.900000000000002
Tank Bigsby,PHI,RB,8.0,13.6,28.9
Tyrell Shavers,BUF,WR,9.0,15.2,28.711111111111112
Jayden Reed,GB,WR,8.0,13.5,28.6875
Tylan Wallace,BAL,WR,9.0,14.5,27.38888888888889
LeQuint Allen,JAX,RB,9.0,14.3,27.011111111111113
Jack Bech,LV,WR,9.0,14.3,27.011111111111113
Ashton Dulin,IND,WR,9.0,14.2,26.822222222222223
Chris Brooks,GB,RB,8.0,12.6,26.775
Mitch Tinsley,CIN,WR,9.0,13.9,26.255555555555556
Jordan Watkins,SF,WR,3.0,4.6,26.066666666666663
Xavier Smith,LAR,WR,9.0,13.7,25.877777777777776
Terrell Jennings,NE,RB,10.0,15.2,25.84
Kene Nwangwu,NYJ,RB,4.0,6.0,25.5
Ben Skowronek,PIT,WR,9.0,12.5,23.61111111111111
Jalen Coker,CAR,WR,10.0,13.6,23.119999999999997
Austin Ekeler,WAS,RB,10.0,13.1,22.27
Ryan Miller,TB,WR,9.0,11.4,21.53333333333333
Treylon Burks,WAS,WR,9.0,11.2,21.155555555555555
Malachi Corley,CLE,WR,9.0,11.1,20.96666666666667
Arian Smith,NYJ,WR,9.0,11.0,20.77777777777778
Andrew Beck,NYJ,RB,9.0,10.6,20.022222222222222
Najee Harris,LAC,RB,10.0,11.6,19.72
Marquez Valdes-Scantling,PIT,WR,7.0,8.0,19.428571428571427
A.J. Dillon,PHI,RB,7.0,7.8,18.942857142857143
Noah Brown,WAS,WR,6.0,6.6,18.7
Brittain Brown,CHI,RB,9.0,9.7,18.322222222222223
Tay Martin,,WR,4.0,4.3,18.275
Andy Dalton,CAR,QB,10.0,10.52,17.884
Skyy Moore,SF,WR,10.0,10.5,17.85
Cam Akers,MIN,RB,7.0,7.18,17.437142857142856
Konata Mumpfield,LAR,WR,9.0,9.2,17.377777777777776
Trevor Etienne,CAR,RB,10.0,10.1,17.17
Will Shipley,PHI,RB,6.0,5.9,16.71666666666667
Dareke Young,SEA,WR,7.0,6.8,16.514285714285712
Lil'Jordan Humphrey,NYG,WR,10.0,9.5,16.15
DJ Giddens,IND,RB,7.0,6.6,16.02857142857143
Gunner Olszewski,NYG,WR,10.0,9.4,15.98
Hassan Haskins,LAC,RB,9.0,8.3,15.677777777777779
Kirk Cousins,ATL,QB,9.0,8.28,15.639999999999999
Jaylen Wright,MIA,RB,6.0,5.5,15.583333333333332
Dee Eskridge,MIA,WR,9.0,8.2,15.488888888888887
Bryce Oliver,TEN,WR,2.0,1.8,15.3
Cooper Rush,BAL,QB,7.0,5.72,13.89142857142857
Nathan Carter,ATL,RB,5.0,4.0,13.600000000000001
Tyler Goodson,IND,RB,5.0,4.0,13.600000000000001
Joe Milton,DAL,QB,9.0,6.96,13.146666666666667
KhaDarel Hodge,ATL,WR,8.0,6.1,12.962499999999999
Dare Ogunbowale,HOU,RB,9.0,6.5,12.277777777777777
John Metchie,NYJ,WR,9.0,6.4,12.088888888888889
Kaleb Johnson,PIT,RB,9.0,6.2,11.71111111111111
Charlie Jones,CIN,WR,9.0,6.0,11.333333333333332
Jake Bobo,SEA,WR,6.0,4.0,11.333333333333332
Justin Watson,HOU,WR,9.0,6.0,11.333333333333332
Dameon Pierce,HOU,RB,4.0,2.6,11.05
Gage Larvadain,CLE,WR,7.0,4.5,10.928571428571429
David Sills,ATL,WR,9.0,5.3,10.011111111111111
Dylan Laube,LV,RB,9.0,5.3,10.011111111111111
Austin Trammell,JAX,WR,9.0,5.3,10.011111111111111
Jalin Hyatt,NYG,WR,9.0,4.7,8.877777777777778
Trent Sherfield,DEN,WR,10.0,5.1,8.67
Cedrick Wilson,MIA,WR,6.0,2.9,8.216666666666667
Nikko Remigio,KC,WR,9.0,4.2,7.933333333333334
Beaux Collins,NYG,WR,10.0,4.5,7.65
Jared Wayne,HOU,WR,9.0,4.0,7.555555555555555
Julius Chestnut,TEN,RB,9.0,3.6,6.800000000000001
Josh Williams,TB,RB,3.0,1.1,6.233333333333334
Tim Jones,JAX,WR,7.0,2.5,6.071428571428571
Scotty Miller,PIT,WR,6.0,1.9,5.383333333333333
Tyson Bagent,CHI,QB,9.0,2.58,4.873333333333334
Trey Lance,LAC,QB,10.0,2.86,4.861999999999999
Roschon Johnson,CHI,RB,6.0,1.7,4.816666666666666
David Moore,CAR,WR,10.0,2.7,4.59
Mitchell Trubisky,BUF,QB,9.0,2.26,4.268888888888888
Anthony Richardson,IND,QB,9.0,2.16,4.08
Max Brosmer,MIN,QB,7.0,1.58,3.837142857142857
Jacardia Wright,SEA,RB,9.0,2.0,3.7777777777777777
British Brooks,HOU,RB,7.0,1.5,3.642857142857143
Tai Felton,MIN,WR,9.0,1.9,3.588888888888889
Alex Bachman,LV,WR,9.0,1.9,3.588888888888889
Tahj Brooks,CIN,RB,9.0,1.8,3.4000000000000004
KeAndre Lambert-Smith,LAC,WR,6.0,1.1,3.116666666666667
Zach Wilson,MIA,QB,9.0,1.58,2.9844444444444447
Anthony Gould,IND,WR,8.0,1.3,2.7625
Jacob Saylors,DET,RB,8.0,1.1,2.3375000000000004
Sione Vaki,DET,RB,3.0,0.4,2.2666666666666666
Devin Duvernay,CHI,WR,9.0,1.2,2.2666666666666666
Malik Davis,DAL,RB,9.0,0.6,1.1333333333333333
Rasheen Ali,BAL,RB,8.0,0.5,1.0625
Michael Bandy,DEN,WR,10.0,0.6,1.02
Craig Reynolds,DET,RB,7.0,0.4,0.9714285714285715
Clyde Edwards-Helaire,KC,RB,9.0,0.5,0.9444444444444444
Mason Rudolph,PIT,QB,9.0,0.48,0.9066666666666666
Bo Melton,GB,WR,7.0,0.3,0.7285714285714285
Tahj Washington,MIA,WR,4.0,0.1,0.42500000000000004
Riley Leonard,IND,QB,5.0,0.1,0.34
D'Ernest Johnson,NE,RB,8.0,0.1,0.21250000000000002
Drew Lock,SEA,QB,9.0,0.1,0.18888888888888888
Joshua Dobbs,NE,QB,10.0,0.08,0.136
Malcolm Lewis,,WR,0.0,,0.0
Jalen Wayne,,WR,0.0,,0.0
Gerald Holmes,,RB,0.0,,0.0
Javon Wims,,WR,0.0,,0.0
Eno Benjamin,,RB,0.0,,0.0
P.J. Walker,,QB,0.0,,0.0
Odell Beckham,,WR,0.0,,0.0
Alfonzo Graham,,RB,0.0,,0.0
Kisean Johnson,,WR,0.0,,0.0
Gunnar Watson,,QB,0.0,,0.0
Jeremy Moussa,,QB,0.0,,0.0
Fred Brown,,WR,0.0,,0.0
Mac Hippenhammer,,WR,0.0,,0.0
Moochie Dixon,,WR,0.0,,0.0
Damarea Crockett,,RB,0.0,,0.0
Nate McCollum,,WR,0.0,,0.0
Mike Bercovici,,QB,0.0,,0.0
DeAndre Reaves,,WR,0.0,,0.0
Scottie Phillips,,RB,0.0,,0.0
Stanley Berryhill,,WR,0.0,,0.0
Qadree Ollison,,RB,0.0,,0.0
Danny Davis,,WR,0.0,,0.0
Robert Woods,,WR,0.0,,0.0
Tavien Feaster,ARI,RB,0.0,,0.0
Damarr Aultman,,WR,0.0,,0.0
James Blackman,,QB,0.0,,0.0
Nick Holley,,WR,0.0,,0.0
T.Y. Hilton,,WR,0.0,,0.0
Akrum Wadley,,RB,0.0,,0.0
Larry Fitzgerald,,WR,0.0,,0.0
Levern Jacobs,,WR,0.0,,0.0
Sergio Bailey,,WR,0.0,,0.0
Philip Rivers,,QB,0.0,,0.0
Amba Etta-Tawo,,WR,0.0,,0.0
Aaron Dykes,,RB,0.0,,0.0
Malcolm Perry,,WR,0.0,,0.0
Lorenzo Lingard,,RB,0.0,,0.0
Thomas Hennigan,,WR,0.0,,0.0
Jeff Badet,,WR,0.0,,0.0
Austin Wolf,,WR,0.0,,0.0
Garrett Gilbert,,QB,0.0,,0.0
Damoun Patterson,,WR,0.0,,0.0
Devlin Hodges,,QB,0.0,,0.0
ZaQuandre White,,RB,0.0,,0.0
DeAndre Torrey,,RB,0.0,,0.0
Kendrick Rogers,,WR,0.0,,0.0
Jack Coan,,QB,0.0,,0.0
Mark Walton,,RB,0.0,,0.0
Justin Jackson,,RB,0.0,,0.0
Tajae Sharpe,,WR,0.0,,0.0
William Stanback,,RB,0.0,,0.0
Damien Harris,,RB,0.0,,0.0
Richard Mullaney,,WR,0.0,,0.0
Jacob Kibodi,,RB,0.0,,0.0
Tarik Black,,WR,0.0,,0.0
Darius Lassiter,,WR,0.0,,0.0
Daylen Baldwin,,WR,0.0,,0.0
Papi White,,WR,0.0,,0.0
Isaiah McKenzie,,WR,0.0,,0.0
Noel Thomas,,WR,0.0,,0.0
Emmanuel Sanders,,WR,0.0,,0.0
Travis Fulgham,,WR,0.0,,0.0
Michael Young,,WR,0.0,,0.0
Logan Kilgore,,QB,0.0,,0.0
Daijun Edwards,,RB,0.0,,0.0
Taj Williams,,WR,0.0,,0.0
De'Mornay Pierson-El,,WR,0.0,,0.0
Latavius Murray,,RB,0.0,,0.0
Damion Ratley,,WR,0.0,,0.0
Mitch Leidner,,QB,0.0,,0.0
Rory Starkey,,WR,0.0,,0.0
Dede Westbrook,,WR,0.0,,0.0
Qualan Jones,,RB,0.0,,0.0
Marcell Ateman,,WR,0.0,,0.0
Jalen McCleskey,,WR,0.0,,0.0
Cameron Posey,,WR,0.0,,0.0
Kellen Mond,,QB,0.0,,0.0
Robert Martin,,RB,0.0,,0.0
Raleigh Webb,,WR,0.0,,0.0
Jha'Quan Jackson,,WR,0.0,,0.0
Larry Clark,,WR,0.0,,0.0
Colby Suits,,QB,0.0,,0.0
Victor Bolden,,WR,0.0,,0.0
Justice Liggins,,WR,0.0,,0.0
Antonio Nunn,,WR,0.0,,0.0
Deon Cain,,WR,0.0,,0.0
Bart Houston,,QB,0.0,,0.0
Bryce Perkins,,QB,0.0,,0.0
Trenton Cannon,,RB,0.0,,0.0
Nathan Peterman,,QB,0.0,,0.0
Dalton Schoen,,WR,0.0,,0.0
Jake Rudock,,QB,0.0,,0.0
Emeka Emezie,,WR,0.0,,0.0
Danny Amendola,,WR,0.0,,0.0
Ben Wooldridge,,QB,0.0,,0.0
Jordan Ta'amu,,QB,0.0,,0.0
Jack Sorenson,,WR,0.0,,0.0
Ryan Willis,,QB,0.0,,0.0
Shawn Poindexter,,WR,0.0,,0.0
Darreus Rogers,,WR,0.0,,0.0
Rashad Medaris,,WR,0.0,,0.0
Kenji Bahar,,QB,0.0,,0.0
John Lovett,,RB,0.0,,0.0
Dimitri Stanley,,WR,0.0,,0.0
Oliver Martin,,WR,0.0,,0.0
Bryant Mitchell,,WR,0.0,,0.0
DJ Chark,,WR,0.0,,0.0
Austin Aune,,QB,0.0,,0.0
Whop Philyor,,WR,0.0,,0.0
Mike Glennon,,QB,0.0,,0.0
Terry Swanson,,RB,0.0,,0.0
Kaylon Horton,,WR,0.0,,0.0
Dillon Stoner,,WR,0.0,,0.0
Anthony Gordon,,QB,0.0,,0.0
Garrett Scantling,ATL,WR,0.0,,0.0
Matt Barkley,,QB,0.0,,0.0
Jordan Chunn,,RB,0.0,,0.0
SaRodorick Thompson,,RB,0.0,,0.0
Brian Hill,,RB,0.0,,0.0
Paul Richardson,,WR,0.0,,0.0
La'Damian Webb,,RB,0.0,,0.0
Gavin Lutman,,WR,0.0,,0.0
Terrence Franks,,RB,0.0,,0.0
Jaray Jenkins,,WR,0.0,,0.0
Jake Luton,,QB,0.0,,0.0
Nathaniel Peat,,RB,0.0,,0.0
Aidan Robbins,,RB,0.0,,0.0
Ellis Merriweather,,RB,0.0,,0.0
Travis Dye,,RB,0.0,,0.0
Tyreik McAllister,,RB,0.0,,0.0
Jalen Camp,,WR,0.0,,0.0
Clayton Thorson,NYG,QB,0.0,,0.0
Jhajuan Seales,,WR,0.0,,0.0
Isaiah Weston,,WR,0.0,,0.0
Amir Carlisle,,WR,0.0,,0.0
Valdez Showers,,WR,0.0,,0.0
Joaquin Davis,,WR,0.0,,0.0
Mekale McKay,,WR,0.0,,0.0
Jamal Robinson,,WR,0.0,,0.0
Devin Phelps,,WR,0.0,,0.0
River Cracraft,,WR,0.0,,0.0
Jase McClellan,,RB,0.0,,0.0
J.J. Arcega-Whiteside,,WR,0.0,,0.0
Rico Gafford,,WR,0.0,,0.0
Austin Mack,,WR,0.0,,0.0
Kenzel Doe,,WR,0.0,,0.0
Spencer Ware,,RB,0.0,,0.0
Josh McCown,,QB,0.0,,0.0
Zion Bowens,,WR,0.0,,0.0
Davis Cheek,,QB,0.0,,0.0
Nick Foles,,QB,0.0,,0.0
Chris Hogan,,WR,0.0,,0.0
Jaylen Johnson,,WR,0.0,,0.0
Shawn Bane,,WR,0.0,,0.0
Royce Freeman,,RB,0.0,,0.0
Cole Burgess,,WR,0.0,,0.0
Brandon Zylstra,,WR,0.0,,0.0
Stephen Houston,,RB,0.0,,0.0
Giovani Bernard,,RB,0.0,,0.0
Kylin Hill,,RB,0.0,,0.0
Samson Evans,,RB,0.0,,0.0
Nick Stevens,,QB,0.0,,0.0
Sammy Watkins,,WR,0.0,,0.0
Kobe McCrary,,RB,0.0,,0.0
Stevie Scott,,RB,0.0,,0.0
Donovan Peoples-Jones,,WR,0.0,,0.0
Jeff Thomas,,WR,0.0,,0.0
Daniel Rodriguez,,WR,0.0,,0.0
Da'Ron Brown,,WR,0.0,,0.0
Taye Barber,,WR,0.0,,0.0
Taj McGowan,,RB,0.0,,0.0
Alex Smith,,QB,0.0,,0.0
Andre Roberts,,WR,0.0,,0.0
C.J. Board,,WR,0.0,,0.0
Eli Stove,,WR,0.0,,0.0
Mark Thompson,,RB,0.0,,0.0
Ryquell Armstead,,RB,0.0,,0.0
Noah Cain,,RB,0.0,,0.0
Zack Moss,,RB,0.0,,0.0
Leddie Brown,,RB,0.0,,0.0
Chester Rogers,,WR,0.0,,0.0
Cody Chrest,,WR,0.0,,0.0
Andrew Parchment,,WR,0.0,,0.0
Korey Robertson,,WR,0.0,,0.0
Shemar Bridges,,WR,0.0,,0.0
Cody Core,,WR,0.0,,0.0
Kevin Shaa,,WR,0.0,,0.0
Austin Appleby,,QB,0.0,,0.0
Isiah Ferguson,,WR,0.0,,0.0
James Morgan,,QB,0.0,,0.0
Tavonn Salter,,WR,0.0,,0.0
Bronson Rechsteiner,,RB,0.0,,0.0
Chris Coleman,,WR,0.0,,0.0
Tyler Renew,,RB,0.0,,0.0
Darren Sproles,,RB,0.0,,0.0
Ricky Seale,,RB,0.0,,0.0
Jack Heneghan,,QB,0.0,,0.0
Lamar Atkins,,WR,0.0,,0.0
Matt Schaub,,QB,0.0,,0.0
CJ Verdell,,RB,0.0,,0.0
Gehrig Dieter,,WR,0.0,,0.0
Shi Smith,,WR,0.0,,0.0
Cam Worthy,,WR,0.0,,0.0
Dax Milne,,WR,0.0,,0.0
Darwin Thompson,,RB,0.0,,0.0
Nate Stanley,,QB,0.0,,0.0
Donte Sylencieux,,WR,0.0,,0.0
Jarveon Howard,,RB,0.0,,0.0
Jordan Smallwood,,WR,0.0,,0.0
Trey Quinn,,WR,0.0,,0.0
Andre Levrone,,WR,0.0,,0.0
Elijah Marks,,WR,0.0,,0.0
Riley Neal,,QB,0.0,,0.0
Austin Proehl,,WR,0.0,,0.0
Jamal Custis,,WR,0.0,,0.0
Andy Isabella,,WR,0.0,,0.0
Ketron Jackson,,WR,0.0,,0.0
J.J. Taylor,,RB,0.0,,0.0
Tony Brooks-James,,RB,0.0,,0.0
Cody Latimer,,WR,0.0,,0.0
Michael Dyer,,RB,0.0,,0.0
Beau Corrales,,WR,0.0,,0.0
Josh Hammond,,WR,0.0,,0.0
L.J. Scott,,RB,0.0,,0.0
Sam Wiglusz,,WR,0.0,,0.0
Robert Foster,,WR,0.0,,0.0
David Blough,,QB,0.0,,0.0
Kaylon Geiger,,WR,0.0,,0.0
Ishmael Hyman,,WR,0.0,,0.0
Jordan Waters,,RB,0.0,,0.0
Seth Roberts,,WR,0.0,,0.0
Kelvin McKnight,,WR,0.0,,0.0
T.J. Luther,,WR,0.0,,0.0
Jason Bean,,QB,0.0,,0.0
Leon Johnson,,WR,0.0,,0.0
Cyril Grayson,,WR,0.0,,0.0
Shakeir Ryan,,WR,0.0,,0.0
Jalen Virgil,,WR,0.0,,0.0
Jaelen Gill,,WR,0.0,,0.0
James Summers,,RB,0.0,,0.0
DeVante Parker,,WR,0.0,,0.0
Mitch Van Vooren,,WR,0.0,,0.0
Tyron Billy-Johnson,,WR,0.0,,0.0
Ian Book,,QB,0.0,,0.0
Sam Brown,,WR,0.0,,0.0
Byron Pringle,,WR,0.0,,0.0
Cole Kelley,,QB,0.0,,0.0
B.J. Johnson,,WR,0.0,,0.0
Benny Snell,,RB,0.0,,0.0
Deon Jackson,,RB,0.0,,0.0
Zach Laskey,,RB,0.0,,0.0
Justice Shelton-Mosley,,WR,0.0,,0.0
Dorian Baker,,WR,0.0,,0.0
Connor Wedington,,WR,0.0,,0.0
Tyrie Cleveland,,WR,0.0,,0.0
Devwah Whaley,,RB,0.0,,0.0
DeAndre Thompkins,GB,WR,0.0,,0.0
Larry Rose,,RB,0.0,,0.0
Racey McMath,,WR,0.0,,0.0
Antonio Williams,,RB,0.0,,0.0
Trace McSorley,,QB,0.0,,0.0
Brian Cobbs,,WR,0.0,,0.0
Cortrelle Simpson,,WR,0.0,,0.0
Jaaron Hayek,,WR,0.0,,0.0
Xavier Rush,,WR,0.0,,0.0
Allen Hurns,MIA,WR,0.0,,0.0
Justin Lockhart,,WR,0.0,,0.0
Warren Jackson,,WR,0.0,,0.0
Mike Thomas,,WR,0.0,,0.0
Peyton Barber,,RB,0.0,,0.0
Lenard Tillery,,RB,0.0,,0.0
Jordan Williams-Lambert,,WR,0.0,,0.0
Josh Johnson,,RB,0.0,,0.0
Elijah Young,,RB,0.0,,0.0
Makai Polk,,WR,0.0,,0.0
Sean Mannion,,QB,0.0,,0.0
T.J. Rahming,,WR,0.0,,0.0
Devontres Dukes,,WR,0.0,,0.0
Reggie Brown,,WR,0.0,,0.0
Le'Veon Bell,TB,RB,0.0,,0.0
Jerome Lane,,WR,0.0,,0.0
Nic Shimonek,,QB,0.0,,0.0
Devonta Freeman,,RB,0.0,,0.0
Blaine Gabbert,,QB,0.0,,0.0
Jesse Matthews,,WR,0.0,,0.0
David Wallis,,WR,0.0,,0.0
Braylon Heard,,RB,0.0,,0.0
Cullen Gillaspia,,RB,0.0,,0.0
Corey Knox,,RB,0.0,,0.0
Bud Sasser,,WR,0.0,,0.0
Trevor Harman,,WR,0.0,,0.0
Julian Williams,,WR,0.0,,0.0
Neil Pau'u,,WR,0.0,,0.0
Jadon Haselwood,,WR,0.0,,0.0
Marquez Callaway,,WR,0.0,,0.0
Tyler Ervin,,RB,0.0,,0.0
Cedric O'Neal,,RB,0.0,,0.0
Mekhi Sargent,,RB,0.0,,0.0
Wayne Gallman,,RB,0.0,,0.0
Ryan McDaniel,,WR,0.0,,0.0
Alex Tanney,,QB,0.0,,0.0
Dwayne Washington,,RB,0.0,,0.0
Patrick Laird,,RB,0.0,,0.0
Drew Brees,,QB,0.0,,0.0
Damond Powell,,WR,0.0,,0.0
Zakhari Franklin,,WR,0.0,,0.0
Rodney Smith,,RB,0.0,,0.0
Tim Cook,,RB,0.0,,0.0
Marlon Mack,,RB,0.0,,0.0
Josh Love,,QB,0.0,,0.0
Isaiah Washington,,WR,0.0,,0.0
Javon McKinley,,WR,0.0,,0.0
Dalvin Cook,,RB,0.0,,0.0
Brandon Polk,,WR,0.0,,0.0
William Thompson,,QB,0.0,,0.0
Demetris Robertson,,WR,0.0,,0.0
Corey Davis,,WR,0.0,,0.0
Tanner Knue,,WR,0.0,,0.0
Teo Redding,,WR,0.0,,0.0
Bisi Johnson,,WR,0.0,,0.0
Donte Moncrief,,WR,0.0,,0.0
Travin Dural,,WR,0.0,,0.0
Danny Gray,PHI,WR,0.0,,0.0
Zach Zenner,,RB,0.0,,0.0
Sean Riley,,WR,0.0,,0.0
Levi Lewis,,QB,0.0,,0.0
Josh Bellamy,,WR,0.0,,0.0
Jermiah Braswell,,WR,0.0,,0.0
Anthony Ratliff-Williams,,WR,0.0,,0.0
Martavis Bryant,,WR,0.0,,0.0
Jeret Smith,,WR,0.0,,0.0
Jake Waters,,QB,0.0,,0.0
Zach Pascal,,WR,0.0,,0.0
Marcus Leak,,WR,0.0,,0.0
Jalin Moore,,RB,0.0,,0.0
Preston Williams,,WR,0.0,,0.0
Kyle Lauletta,,QB,0.0,,0.0
Tre'Shaun Harrison,,WR,0.0,,0.0
KJ Hamler,,WR,0.0,,0.0
Kevin White,,WR,0.0,,0.0
Justin Hardy,,WR,0.0,,0.0
Rasheed Bailey,,WR,0.0,,0.0
J.T. Barrett,,QB,0.0,,0.0
Kamryn Pettway,,RB,0.0,,0.0
Deshon Foxx,,WR,0.0,,0.0
Emanuel Hall,,WR,0.0,,0.0
Terrell Sinkfield,,WR,0.0,,0.0
Drake Stoops,,WR,0.0,,0.0
Justin Sumpter,,WR,0.0,,0.0
Johnny Johnson,,WR,0.0,,0.0
Devin Lucien,,WR,0.0,,0.0
Dontae Strickland,,RB,0.0,,0.0
Marcus Cooper,,RB,0.0,,0.0
Artavis Pierce,,RB,0.0,,0.0
Matthew Slater,,WR,0.0,,0.0
Jamel Johnson,,WR,0.0,,0.0
Branden Mack,,WR,0.0,,0.0
Shaquan Davis,,WR,0.0,,0.0
Giles Jackson,,WR,0.0,,0.0
Kobe Lewis,,RB,0.0,,0.0
D'Eriq King,,QB,0.0,,0.0
Tulu Griffin,,WR,0.0,,0.0
Braylon Sanders,,WR,0.0,,0.0
JaVonta Payton,,WR,0.0,,0.0
Kyle Lewis,,WR,0.0,,0.0
Isaiah Bowser,,RB,0.0,,0.0
Lance Lenoir,,WR,0.0,,0.0
TJ Sheffield,,WR,0.0,,0.0
Corey Clement,,RB,0.0,,0.0
Godwin Igwebuike,,RB,0.0,,0.0
Elijah Dotson,,RB,0.0,,0.0
Jalen Jackson,,RB,0.0,,0.0
Tommylee Lewis,,WR,0.0,,0.0
Brandon Peters,,QB,0.0,,0.0
Ty'Son Williams,,RB,0.0,,0.0
Leonard Fournette,,RB,0.0,,0.0
Dwayne Harris,,WR,0.0,,0.0
Brelan Chancellor,,WR,0.0,,0.0
Antonio Callaway,,WR,0.0,,0.0
Jamaal Williams,,RB,0.0,,0.0
Brian Riley,,WR,0.0,,0.0
ShunDerrick Powell,,RB,0.0,,0.0
K.J. Maye,,WR,0.0,,0.0
Dillon Mitchell,,WR,0.0,,0.0
Anthony Mahoungou,,WR,0.0,,0.0
Mike DiLiello,,QB,0.0,,0.0
Larry Rountree,,RB,0.0,,0.0
Dontez Ford,,WR,0.0,,0.0
Tayon Fleet-Davis,,RB,0.0,,0.0
Xavier White,,WR,0.0,,0.0
C.J. Johnson,,WR,0.0,,0.0
Aaron Parker,,WR,0.0,,0.0
Skyler Howard,SEA,QB,0.0,,0.0
Darius Jennings,,WR,0.0,,0.0
Christian Blake,,WR,0.0,,0.0
DaeSean Hamilton,,WR,0.0,,0.0
Terrell Bynum,,WR,0.0,,0.0
Caleb Huntley,,RB,0.0,,0.0
Mitchell Paige,,WR,0.0,,0.0
Jalon Calhoun,,WR,0.0,,0.0
Joe Reed,,WR,0.0,,0.0
Dymere Miller,,WR,0.0,,0.0
Talik Keaton,,WR,0.0,,0.0
Jamarius Way,,WR,0.0,,0.0
Omar Bayless,,WR,0.0,,0.0
Alex McGough,,QB,0.0,,0.0
Anthony Jones,,RB,0.0,,0.0
Alonzo Moore,,WR,0.0,,0.0
Riley Ridley,,WR,0.0,,0.0
Marlon Williams,,WR,0.0,,0.0
Bra'Lon Cherry,,WR,0.0,,0.0
Trevon Bradford,,WR,0.0,,0.0
Jordan Howard,,RB,0.0,,0.0
Marqise Lee,,WR,0.0,,0.0
Malik Flowers,,WR,0.0,,0.0
Fred Ross,,WR,0.0,,0.0
Blake Sims,,QB,0.0,,0.0
Quincy McDuffie,,WR,0.0,,0.0
John Robinson-Woodgett,,RB,0.0,,0.0
John Hall,,WR,0.0,,0.0
Darius Jackson,,RB,0.0,,0.0
Travis Benjamin,,WR,0.0,,0.0
Nate McCrary,,RB,0.0,,0.0
Xavier Turner,,RB,0.0,,0.0
Darius Hagans,,RB,0.0,,0.0
Damore'ea Stringfellow,,WR,0.0,,0.0
Darius Anderson,,RB,0.0,,0.0
Kalija Lipscomb,,WR,0.0,,0.0
Marcelias Sutton,,RB,0.0,,0.0
Jordan Westerkamp,,WR,0.0,,0.0
Zach Olstad,,RB,0.0,,0.0
De'Montre Tuggle,,RB,0.0,,0.0
Kenyan Drake,,RB,0.0,,0.0
Wendell Smallwood,WAS,RB,0.0,,0.0
Daryl Virgies,,RB,0.0,,0.0
John Lovett,,QB,0.0,,0.0
Tyler Rutenbeck,,WR,0.0,,0.0
Nate Noel,,RB,0.0,,0.0
Nick Williams,,WR,0.0,,0.0
Kevin Kassis,,WR,0.0,,0.0
Key'Shawn Smith,,WR,0.0,,0.0
Pooka Williams,,RB,0.0,,0.0
Tayvion Robinson,,WR,0.0,,0.0
Jarvion Franklin,,RB,0.0,,0.0
Matthew Eaton,,WR,0.0,,0.0
Kazmeir Allen,,WR,0.0,,0.0
Napoleon Maxwell,,RB,0.0,,0.0
Trevontae Hights,,WR,0.0,,0.0
Amara Darboh,,WR,0.0,,0.0
Sam James,,WR,0.0,,0.0
Zac Brooks,,RB,0.0,,0.0
Nsimba Webster,,WR,0.0,,0.0
Cody Chrest,,WR,0.0,,0.0
Jermaine Burton,CIN,WR,0.0,,0.0
Marvin Hall,,WR,0.0,,0.0
Damion Willis,,WR,0.0,,0.0
Kendal Thompson,,WR,0.0,,0.0
Earnest Edwards,,WR,0.0,,0.0
DeAndre Washington,,RB,0.0,,0.0
Isaiah Ford,,WR,0.0,,0.0
Jarius Wright,,WR,0.0,,0.0
Aeneas Dennis,,QB,0.0,,0.0
CJ Marable,,RB,0.0,,0.0
Cole Stoudt,,QB,0.0,,0.0
Connor Slomka,,RB,0.0,,0.0
Ty Scott,,WR,0.0,,0.0
Artavis Scott,,WR,0.0,,0.0
Reggie Roberson,,WR,0.0,,0.0
Jonathon Rumph,,WR,0.0,,0.0
Laviska Shenault,,WR,0.0,,0.0
Brogan Roback,,QB,0.0,,0.0
Dontario Drummond,,WR,0.0,,0.0
Micah Bernard,,RB,0.0,,0.0
Ben Bryant,,QB,0.0,,0.0
Shaq Roland,CHI,WR,0.0,,0.0
Zach D'Orazio,,WR,0.0,,0.0
Kenneth Harper,,RB,0.0,,0.0
Payton Thorne,,QB,0.0,,0.0
Durron Neal,,WR,0.0,,0.0
Khalil Tate,,WR,0.0,,0.0
Freddie Swain,,WR,0.0,,0.0
Tavon Austin,,WR,0.0,,0.0
Binjimen Victor,,WR,0.0,,0.0
Nelson Agholor,,WR,0.0,,0.0
Roc Taylor,,WR,0.0,,0.0
Michael Warren,DET,RB,0.0,,0.0
Devron Harper,,WR,0.0,,0.0
R.J. Shelton,,WR,0.0,,0.0
Reece Horn,,WR,0.0,,0.0
Cody Fajardo,,QB,0.0,,0.0
James Quick,,WR,0.0,,0.0
Rashod Owens,,WR,0.0,,0.0
Mikey Daniel,,RB,0.0,,0.0
T.J. Logan,,RB,0.0,,0.0
Isaiah Coulter,,WR,0.0,,0.0
Tre Harbison,,RB,0.0,,0.0
Ify Umodu,,WR,0.0,,0.0
Kody Case,,WR,0.0,,0.0
Keelan Doss,,WR,0.0,,0.0
Ervin Philips,,RB,0.0,,0.0
Chris Smith,,RB,0.0,,0.0
Lamar Miller,,RB,0.0,,0.0
Jordan Ellis,,RB,0.0,,0.0
Pokey Wilson,,WR,0.0,,0.0
Jhamon Ausbon,,WR,0.0,,0.0
Reggie White,,WR,0.0,,0.0
Julio Jones,,WR,0.0,,0.0
Al Riles,IND,WR,0.0,,0.0
Khalil McClain,,WR,0.0,,0.0
Tyler Harrell,,WR,0.0,,0.0
Austin Watkins,,WR,0.0,,0.0
James White,,RB,0.0,,0.0
Maurice Ffrench,,WR,0.0,,0.0
Antoine Green,,WR,0.0,,0.0
Geronimo Allison,,WR,0.0,,0.0
Chris Lacy,,WR,0.0,,0.0
Devante Davis,,WR,0.0,,0.0
Bryce Love,,RB,0.0,,0.0
Mario Hull,,WR,0.0,,0.0
T.J. Pledger,,RB,0.0,,0.0
Chris Finke,,WR,0.0,,0.0
Jadon Janke,,WR,0.0,,0.0
Garett Maag,,WR,0.0,,0.0
Zach Evans,,RB,0.0,,0.0
Henry Ruggs,,WR,0.0,,0.0
Sherman Badie,,RB,0.0,,0.0
Jerrion Ealy,,RB,0.0,,0.0
Austin Allen,,QB,0.0,,0.0
Dallas Daniels,,WR,0.0,,0.0
Malik Taylor,,WR,0.0,,0.0
Javorius Allen,,RB,0.0,,0.0
Ra'Shaun Henry,,WR,0.0,,0.0
Lamar Jordan,,QB,0.0,,0.0
Jimmie Hunt,,WR,0.0,,0.0
Wayne Taulapapa,,RB,0.0,,0.0
Jeff Smith,,WR,0.0,,0.0
Luke Lundy,,RB,0.0,,0.0
Max Wittek,,QB,0.0,,0.0
Jack Plummer,,QB,0.0,,0.0
De'Lance Turner,,RB,0.0,,0.0
Shaun Wilson,,RB,0.0,,0.0
Chris Streveler,,QB,0.0,,0.0
E.J. Perry,,QB,0.0,,0.0
Geordon Porter,,WR,0.0,,0.0
Breshad Perriman,,WR,0.0,,0.0
Josh Johnson,,WR,0.0,,0.0
Jonathan Adams,,WR,0.0,,0.0
Reggie Diggs,,WR,0.0,,0.0
Malik Henry,,WR,0.0,,0.0
Speedy Noil,,WR,0.0,,0.0
Malik Knowles,,WR,0.0,,0.0
Mohamed Ibrahim,,RB,0.0,,0.0
Ventell Bryant,,WR,0.0,,0.0
James Butler,,RB,0.0,,0.0
Taylor Gabriel,,WR,0.0,,0.0
Austin Walter,,RB,0.0,,0.0
LeSean McCoy,,RB,0.0,,0.0
Sefo Liufau,,QB,0.0,,0.0
Chris Conley,,WR,0.0,,0.0
Marvin Jones,,WR,0.0,,0.0
Michael Woods,GB,WR,0.0,,0.0
Mark Weisman,,RB,0.0,,0.0
Devon Allen,,WR,0.0,,0.0
Xavier Ubosi,,WR,0.0,,0.0
Riley Lees,,WR,0.0,,0.0
Manasseh Bailey,,WR,0.0,,0.0
Daniel Arias,,WR,0.0,,0.0
Jordan Byrd,,WR,0.0,,0.0
Chase Cota,,WR,0.0,,0.0
Ryan Grant,,WR,0.0,,0.0
Lincoln Victor,,WR,0.0,,0.0
Jalen Williams,,WR,0.0,,0.0
Antwan Goodley,,WR,0.0,,0.0
Jaivon Heiligh,,WR,0.0,,0.0
Josh Malone,,WR,0.0,,0.0
Kyle Shurmur,,QB,0.0,,0.0
Javess Blue,,WR,0.0,,0.0
Jordan Johnson,,RB,0.0,,0.0
Will Hastings,,WR,0.0,,0.0
Kayaune Ross,,WR,0.0,,0.0
Deante' Gray,,WR,0.0,,0.0
Micah Simon,CAR,WR,0.0,,0.0
Brandon Radcliff,,RB,0.0,,0.0
Josh Woodrum,,QB,0.0,,0.0
Jon Hilliman,,RB,0.0,,0.0
Matt Moore,,QB,0.0,,0.0
Winston Wright,,WR,0.0,,0.0
Chad Beebe,,WR,0.0,,0.0
Corey Coleman,,WR,0.0,,0.0
Josh Crockett,,WR,0.0,,0.0
Dillon Johnson,,RB,0.0,,0.0
Hayden Hatten,,WR,0.0,,0.0
John Franklin,,WR,0.0,,0.0
Chris Warren,,RB,0.0,,0.0
Xavier Wade,,WR,0.0,,0.0
Zach Conque,,QB,0.0,,0.0
Justin Stockton,,RB,0.0,,0.0
Trent Steelman,,WR,0.0,,0.0
Mike Davis,,RB,0.0,,0.0
Bo Scarbrough,,RB,0.0,,0.0
Bryan Bennett,,QB,0.0,,0.0
Marcus Rosemy-Jacksaint,,WR,0.0,,0.0
Michael Thomas,,WR,0.0,,0.0
Ayir Asante,,WR,0.0,,0.0
Pete Guerriero,,RB,0.0,,0.0
Elijhaa Penny,,RB,0.0,,0.0
Toriano Clinton,,RB,0.0,,0.0
Pig Howard,,WR,0.0,,0.0
Armanti Foreman,,WR,0.0,,0.0
Kenny Cook,,WR,0.0,,0.0
Tre Nixon,,WR,0.0,,0.0
Marquez North,,WR,0.0,,0.0
Jalan McClendon,,QB,0.0,,0.0
Ryan Davis,,WR,0.0,,0.0
Jerry Lovelocke,,QB,0.0,,0.0
D.J. Williams,,RB,0.0,,0.0
John Hurst,,WR,0.0,,0.0
Ramon Jefferson,,RB,0.0,,0.0
Josh Reese,,WR,0.0,,0.0
Kirk Merritt,,WR,0.0,,0.0
C.J. Worton,,WR,0.0,,0.0
Spencer Schnell,,WR,0.0,,0.0
Justin Hall,,WR,0.0,,0.0
Jake Kumerow,,WR,0.0,,0.0
Taquan Mizzell,NYG,RB,0.0,,0.0
Drew Stanton,,QB,0.0,,0.0
Auden Tate,,WR,0.0,,0.0
Luis Perez,,QB,0.0,,0.0
Derrick Gore,,RB,0.0,,0.0
Keevan Lucas,,WR,0.0,,0.0
Reggie Begelton,,WR,0.0,,0.0
Robert Turbin,,RB,0.0,,0.0
Shermari Jones,,RB,0.0,,0.0
Rodney Anderson,,RB,0.0,,0.0
Ronnie Brown,,RB,0.0,,0.0
Ryan Fitzpatrick,,QB,0.0,,0.0
Montana Lemonious-Craig,,WR,0.0,,0.0
Jaylen Smith,,WR,0.0,,0.0
Siaosi Mariner,,WR,0.0,,0.0
Aaron Bailey,BAL,QB,0.0,,0.0
Kyle Sloter,,QB,0.0,,0.0
Sone Ntoh,,RB,0.0,,0.0
Grant DuBose,,WR,0.0,,0.0
Justyn Ross,,WR,0.0,,0.0
Keric Wheatfall,,WR,0.0,,0.0
Kade Warner,,WR,0.0,,0.0
Jake Fromm,,QB,0.0,,0.0
Jeff Foreman,,WR,0.0,,0.0
Brandon Ross,,RB,0.0,,0.0
Donatella Luckett,,WR,0.0,,0.0
Mike Harley,,WR,0.0,,0.0
Anthony Turner,,WR,0.0,,0.0
Eric Dungey,,QB,0.0,,0.0
Trey Potts,,RB,0.0,,0.0
Master Teague,,RB,0.0,,0.0
Keshawn Hill,,RB,0.0,,0.0
Ty Fryfogle,,WR,0.0,,0.0
Jacob Sirmon,,QB,0.0,,0.0
Devin Fuller,,WR,0.0,,0.0
T.J. Yeldon,,RB,0.0,,0.0
Kerrith Whyte,GB,RB,0.0,,0.0
Jared Smart,,WR,0.0,,0.0
Lawrence Keys,,WR,0.0,,0.0
Derrick Dillon,,WR,0.0,,0.0
Alstevis Squirewell,,RB,0.0,,0.0
Kolby Listenbee,,WR,0.0,,0.0
Jimmy Williams,,WR,0.0,,0.0
Markese Stepp,,RB,0.0,,0.0
Ray Lawry,,RB,0.0,,0.0
Josh Pearson,,WR,0.0,,0.0
Ross Scheuerman,,RB,0.0,,0.0
Jaydon Mickens,,WR,0.0,,0.0
LaQuvionte Gonzalez,,WR,0.0,,0.0
Quartney Davis,,WR,0.0,,0.0
Jerod Evans,,QB,0.0,,0.0
Danny Etling,,QB,0.0,,0.0
Derek Wright,,WR,0.0,,0.0
Troymaine Pope,,RB,0.0,,0.0
De'Mard Llorens,,RB,0.0,,0.0
Chris Rowland,,WR,0.0,,0.0
Nolan Henderson,,QB,0.0,,0.0
Kameron Brown,,WR,0.0,,0.0
Chase Garbers,,QB,0.0,,0.0
Milton Wright,,WR,0.0,,0.0
Andre Lindsey,,WR,0.0,,0.0
Jermaine Kearse,,WR,0.0,,0.0
Xavier Johnson,,WR,0.0,,0.0
Ricky Person,,RB,0.0,,0.0
Talolo Limi-Jones,,WR,0.0,,0.0
Rakeem Boyd,,RB,0.0,,0.0
Easop Winston,,WR,0.0,,0.0
Nick Ralston,,RB,0.0,,0.0
C.J. Prosise,,RB,0.0,,0.0
Derrick Johnson,,WR,0.0,,0.0
Joe Walker,,WR,0.0,,0.0
Devon Johnson,,RB,0.0,,0.0
Jay Lee,,WR,0.0,,0.0
Tanner Mordecai,,QB,0.0,,0.0
Krishawn Hogan,,WR,0.0,,0.0
Ben Roethlisberger,PIT,QB,0.0,,0.0
Slade Bolden,,WR,0.0,,0.0
Tony Jones,,WR,0.0,,0.0
Drew Plitt,,QB,0.0,,0.0
Jeff Cotton,,WR,0.0,,0.0
Taiwan Jones,,RB,0.0,,0.0
Eldridge Massington,NO,WR,0.0,,0.0
Malcolm Brown,,RB,0.0,,0.0
Robert Wheelwright,,WR,0.0,,0.0
Vincent Testaverde,,QB,0.0,,0.0
Jordan Scarlett,MIA,RB,0.0,,0.0
John Jackson,,WR,0.0,,0.0
Peter Pujals,,QB,0.0,,0.0
Marcus Riley,,WR,0.0,,0.0
Christopher Ezeala,,RB,0.0,,0.0
Kevin Harris,,RB,0.0,,0.0
Mark Ingram,,RB,0.0,,0.0
Keytaon Thompson,,WR,0.0,,0.0
Cody Thompson,,WR,0.0,,0.0
Tanner Gentry,,WR,0.0,,0.0
Todd Gurley,,RB,0.0,,0.0
Demetric Felton,,RB,0.0,,0.0
Nathan Rourke,,QB,0.0,,0.0
Ben DiNucci,,QB,0.0,,0.0
Brandon Brown-Dukes,,RB,0.0,,0.0
Malik Williams,,WR,0.0,,0.0
Corey Willis,,WR,0.0,,0.0
Daniel George,,WR,0.0,,0.0
DeMeer Blankumsee,,WR,0.0,,0.0
Deontez Alexander,,WR,0.0,,0.0
Anthony Grant,,RB,0.0,,0.0
Joe Horn,,WR,0.0,,0.0
Ryan Tannehill,,QB,0.0,,0.0
Benny LeMay,CLE,RB,0.0,,0.0
Jonathan Duhart,,WR,0.0,,0.0
Jordan Veasy,,WR,0.0,,0.0
Jermaine Jackson,,WR,0.0,,0.0
Colton Dowell,,WR,0.0,,0.0
Dontay Demus,,WR,0.0,,0.0
Tony Brown,,WR,0.0,,0.0
Quali Conley,,RB,0.0,,0.0
Gus Johnson,,RB,0.0,,0.0
Taulia Tagovailoa,,QB,0.0,,0.0
D'Onta Foreman,,RB,0.0,,0.0
Montrell Johnson,,RB,0.0,,0.0
Alex Erickson,,WR,0.0,,0.0
Brian Burt,,WR,0.0,,0.0
Marcus Simms,,WR,0.0,,0.0
Jontre Kirklin,,WR,0.0,,0.0
Joseph Parker,,WR,0.0,,0.0
Marcus Yarns,,RB,0.0,,0.0
Cyrus Holder,,WR,0.0,,0.0
Trayone Gray,,RB,0.0,,0.0
Jordan Travis,,QB,0.0,,0.0
Gavin Hardison,,QB,0.0,,0.0
Kenny Stills,,WR,0.0,,0.0
Andre Patton,,WR,0.0,,0.0
Kelvin Harmon,,WR,0.0,,0.0
Jahmal Banks,,WR,0.0,,0.0
Denzel Mims,,WR,0.0,,0.0
Jay Ajayi,,RB,0.0,,0.0
Tommy Armstrong Jr.,,QB,0.0,,0.0
Marcus Green,,WR,0.0,,0.0
Kermit Whitfield,,WR,0.0,,0.0
Snoop Conner,,RB,0.0,,0.0
K.J. Osborn,,WR,0.0,,0.0
Michael Pratt,,QB,0.0,,0.0
Brenden Knox,,RB,0.0,,0.0
DaMarkus Lodge,,WR,0.0,,0.0
Jamoi Mayes,,WR,0.0,,0.0
Andrew Peasley,,QB,0.0,,0.0
Tre Ford,,QB,0.0,,0.0
Kevin Davidson,,QB,0.0,,0.0
Richie James,,WR,0.0,,0.0
Devin Gray,,WR,0.0,,0.0
Brandon Silvers,,QB,0.0,,0.0
Shane Wimann,,RB,0.0,,0.0
Des Lawrence,,WR,0.0,,0.0
Sam Pinckney,,WR,0.0,,0.0
Redd Douglas,,WR,0.0,,0.0
Cade Johnson,,WR,0.0,,0.0
Ka'Raun White,,WR,0.0,,0.0
Chase Litton,,QB,0.0,,0.0
Kearis Jackson,,WR,0.0,,0.0
Jerreth Sterns,,WR,0.0,,0.0
Carlos Hyde,,RB,0.0,,0.0
Matt Ryan,,QB,0.0,,0.0
Latreal Jones,,WR,0.0,,0.0
Adrian Killins,DEN,RB,0.0,,0.0
Senorise Perry,,RB,0.0,,0.0
Blake Bortles,NO,QB,0.0,,0.0
Peewee Jarrett,,QB,0.0,,0.0
Josh Imatorbhebhe,,WR,0.0,,0.0
Isaiah Winstead,,WR,0.0,,0.0
Devon Cajuste,,WR,0.0,,0.0
Josh Adams,,RB,0.0,,0.0
Marcus Kemp,,WR,0.0,,0.0
Jake Heaps,,QB,0.0,,0.0
Calvin Jackson,,WR,0.0,,0.0
John Paddock,,QB,0.0,,0.0
Jawon Chisholm,,RB,0.0,,0.0
DeVonte Dedmon,,WR,0.0,,0.0
Stephen Louis,,WR,0.0,,0.0
Josh Harper,,WR,0.0,,0.0
Kairee Robinson,,RB,0.0,,0.0
Derel Walker,,WR,0.0,,0.0
Titus Swen,,RB,0.0,,0.0
Rocky Lombardi,,QB,0.0,,0.0
Trevor Knight,,QB,0.0,,0.0
Anthony Schwartz,,WR,0.0,,0.0
Cade Peterson,,QB,0.0,,0.0
Bennie Fowler,,WR,0.0,,0.0
Tarik Cohen,,RB,0.0,,0.0
Collin Johnson,,WR,0.0,,0.0
Taylor Heinicke,,QB,0.0,,0.0
Montrell Washington,,WR,0.0,,0.0
Darrin Hall,,RB,0.0,,0.0
Ty Montgomery,,RB,0.0,,0.0
Sam Schnee,,WR,0.0,,0.0
Kenneth Dixon,,RB,0.0,,0.0
Tre Stewart,,RB,0.0,,0.0
Juwan Green,,WR,0.0,,0.0
Michael Dereus,,WR,0.0,,0.0
Chris Thompson,,RB,0.0,,0.0
Bell Braylon,,WR,0.0,,0.0
Aron Cruickshank,,WR,0.0,,0.0
Terry Godwin,,WR,0.0,,0.0
C.J. Saunders,,WR,0.0,,0.0
Ontaria Wilson,,WR,0.0,,0.0
A.J. Green,,WR,0.0,,0.0
Anthony Kelly,,WR,0.0,,0.0
Zay Malone,,WR,0.0,,0.0
Ethan Fernea,,WR,0.0,,0.0
Johnathan Lloyd,,WR,0.0,,0.0
Duke Williams,,WR,0.0,,0.0
Wilton Speight,,QB,0.0,,0.0
Jeremy Cox,,RB,0.0,,0.0
J.J. Nelson,,WR,0.0,,0.0
Taysir Mack,,WR,0.0,,0.0
Carson Strong,,QB,0.0,,0.0
Nigel King,,WR,0.0,,0.0
Jadakis Bonds,,WR,0.0,,0.0
Jerjuan Newton,,WR,0.0,,0.0
Devin Smith,,WR,0.0,,0.0
Cordarrelle Patterson,,RB,0.0,,0.0
Jared Murphy,,WR,0.0,,0.0
Kyle Trask,,QB,0.0,,0.0
Sony Michel,,RB,0.0,,0.0
Mathieu Severance,,RB,0.0,,0.0
Eric Rogers,,WR,0.0,,0.0
Vyncint Smith,,WR,0.0,,0.0
Ahmad Wagner,,WR,0.0,,0.0
Braxton Westfield,,WR,0.0,,0.0
Vernon Johnson,,WR,0.0,,0.0
Raymond Calais,,RB,0.0,,0.0
John Ursua,,WR,0.0,,0.0
Felix Harper,,QB,0.0,,0.0
Aleva Hifo,,WR,0.0,,0.0
Matt Landers,,WR,0.0,,0.0
Greg Bell,,RB,0.0,,0.0
Quincy Skinner,,WR,0.0,,0.0
Bryan Edwards,,WR,0.0,,0.0
Daewood Davis,,WR,0.0,,0.0
Kenny Golladay,,WR,0.0,,0.0
Damon Sheehy-Guiseppi,,WR,0.0,,0.0
Henry Litwin,,WR,0.0,,0.0
Jacob Dolegala,,QB,0.0,,0.0
Shane Watts,,RB,0.0,,0.0
Cameron Scarlett,,RB,0.0,,0.0
Max Borghi,,RB,0.0,,0.0
Titus Davis,,WR,0.0,,0.0
Ed Lee,,WR,0.0,,0.0
DeMichael Harris,,WR,0.0,,0.0
Tyler Bray,,QB,0.0,,0.0
Adam Humphries,,WR,0.0,,0.0
Matt Colburn,,RB,0.0,,0.0
Charleston Rambo,,WR,0.0,,0.0
Cody Hollister,,WR,0.0,,0.0
Michael Hiers,,QB,0.0,,0.0
Joe Williams,,RB,0.0,,0.0
Terry Wright,,WR,0.0,,0.0
Troy Hairston,,RB,0.0,,0.0
Canaan Severin,,WR,0.0,,0.0
Kayron Lynch-Adams,,RB,0.0,,0.0
Tom Brady,,QB,0.0,,0.0
Osirus Mitchell,,WR,0.0,,0.0
Montorie Foster,,WR,0.0,,0.0
Lujuan Winningham,,WR,0.0,,0.0
Synjyn Days,,RB,0.0,,0.0
Marquise Goodwin,,WR,0.0,,0.0
Patrick Carr,,RB,0.0,,0.0
Bryan Thompson,,WR,0.0,,0.0
Jason Moore,,WR,0.0,,0.0
Case Keenum,CHI,QB,0.0,,0.0
Kalen Ballage,,RB,0.0,,0.0
Gerrid Doaks,,RB,0.0,,0.0
Derrick Willies,,WR,0.0,,0.0
Dezmon Patmon,,WR,0.0,,0.0
Emmanuel Butler,,WR,0.0,,0.0
David Porter,,WR,0.0,,0.0
Malachi Jones,,WR,0.0,,0.0
Garrett Groshek,,RB,0.0,,0.0
A.J. Richardson,,WR,0.0,,0.0
Jon'Vea Johnson,,WR,0.0,,0.0
Golden Tate,,WR,0.0,,0.0
Caleb Scott,TEN,WR,0.0,,0.0
Dom Williams,,WR,0.0,,0.0
Ezell Ruffin,,WR,0.0,,0.0
Cam Sims,,WR,0.0,,0.0
Joel Stave,,QB,0.0,,0.0
Darren Carrington,,WR,0.0,,0.0
Tyrion Davis-Price,,RB,0.0,,0.0
John Matocha,,QB,0.0,,0.0
Kelly Akharaiyi,,WR,0.0,,0.0
K.D. Cannon,,WR,0.0,,0.0
Randall Cobb,,WR,0.0,,0.0
Uzoma Nwachukwu,,WR,0.0,,0.0
Shea Patterson,,QB,0.0,,0.0
Jazz Ferguson,,WR,0.0,,0.0
Trey Edmunds,,RB,0.0,,0.0
Soma Vainuku,,RB,0.0,,0.0
Dorian Thompson-Robinson,,QB,0.0,,0.0
Devonte Boyd,,WR,0.0,,0.0
Justin Marshall,,WR,0.0,,0.0
James Franklin,,QB,0.0,,0.0
Jeremiah Haydel,,WR,0.0,,0.0
Isaac Zico,,WR,0.0,,0.0
Ronald Jones,,RB,0.0,,0.0
De'Quan Hampton,,WR,0.0,,0.0
Justin Crawford,,RB,0.0,,0.0
Chris King,,WR,0.0,,0.0
Dorren Miller,,WR,0.0,,0.0
Tyler Simmons,,WR,0.0,,0.0
Devin Gardner,,WR,0.0,,0.0
Joel Bouagnon,,RB,0.0,,0.0
Javon Leake,,RB,0.0,,0.0
Mac Dalena,,WR,0.0,,0.0
Blayne Taylor,,WR,0.0,,0.0
Darius Clark,,RB,0.0,,0.0
Taryn Christion,,QB,0.0,,0.0
Paul Perkins,,RB,0.0,,0.0
Rasheed Williams,,RB,0.0,,0.0
Anthony Brown,,QB,0.0,,0.0
Dion Lewis,,RB,0.0,,0.0
Stephon Robinson,,WR,0.0,,0.0
Josh Ali,,WR,0.0,,0.0
Caleb Chapman,,WR,0.0,,0.0
Jamie Newman,,QB,0.0,,0.0
Mathew Sexton,,WR,0.0,,0.0
Jacob Eason,,QB,0.0,,0.0
Chad Williams,,WR,0.0,,0.0
Marquise Williams,,QB,0.0,,0.0
Robert Griffin,,QB,0.0,,0.0
Thomas Sperbeck,,WR,0.0,,0.0
Ja'Quan Gardner,,RB,0.0,,0.0
Ahmarean Brown,,WR,0.0,,0.0
Darrius Shepherd,,WR,0.0,,0.0
Travis Toivonen,,WR,0.0,,0.0
Hamze El-Zayat,,WR,0.0,,0.0
James Washington,,WR,0.0,,0.0
Jamaal Jones,,WR,0.0,,0.0
Blake Proehl,,WR,0.0,,0.0
Bru McCoy,,WR,0.0,,0.0
John David Moore,,RB,0.0,,0.0
Brevin Easton,,WR,0.0,,0.0
Tyler Kahmann,,WR,0.0,,0.0
Khalid Abdullah,,RB,0.0,,0.0
Isaiah Wright,,WR,0.0,,0.0
JaQuan Hardy,,RB,0.0,,0.0
Jarrett Guarantano,,QB,0.0,,0.0
Jalen Morton,IND,QB,0.0,,0.0
Jaren Hall,,QB,0.0,,0.0
Reid Sinnett,,QB,0.0,,0.0
Chad Henne,,QB,0.0,,0.0
Calvin Tyler,,RB,0.0,,0.0
Anthony Nash,,WR,0.0,,0.0
Kevin Hogan,,QB,0.0,,0.0
Keke Coutee,,WR,0.0,,0.0
Brian Brown,,WR,0.0,,0.0
La'Mical Perine,,RB,0.0,,0.0
Alexander Hollins,,WR,0.0,,0.0
AJ McCarron,,QB,0.0,,0.0
Melvin Gordon,,RB,0.0,,0.0
Boston Scott,,RB,0.0,,0.0
Dalyn Dawkins,,RB,0.0,,0.0
Taylor Grimes,,WR,0.0,,0.0
Evan Berry,,WR,0.0,,0.0
David Watford,,WR,0.0,,0.0
Tevin Jones,,WR,0.0,,0.0
Johnny King,,WR,0.0,,0.0
John Ross,,WR,0.0,,0.0
Drew Morgan,,WR,0.0,,0.0
Rashard Davis,,WR,0.0,,0.0
Dorian Singer,,WR,0.0,,0.0
De'Anthony Thomas,,WR,0.0,,0.0
Michael Gallup,,WR,0.0,,0.0
Jaron Brown,,WR,0.0,,0.0
Jakeem Grant,,WR,0.0,,0.0
Aaron Shampklin,,RB,0.0,,0.0
Jerome Kapp,,WR,0.0,,0.0
Brett Gabbert,,QB,0.0,,0.0
Ricky Jeune,,WR,0.0,,0.0
A.J. Rose,,RB,0.0,,0.0
DeAndrew White,,WR,0.0,,0.0
Ty James,,WR,0.0,,0.0
TaMerik Williams,,RB,0.0,,0.0
D.J. Foster,,RB,0.0,,0.0
Deshaun Fenwick,,RB,0.0,,0.0
Brandon Cottom,,RB,0.0,,0.0
Mark Chapman,,WR,0.0,,0.0
Theo Riddick,,RB,0.0,,0.0
Max Duggan,,QB,0.0,,0.0
T.J. Vasher,,WR,0.0,,0.0
Steven Montez,,QB,0.0,,0.0
Kalif Phillips,,RB,0.0,,0.0
Josh Ferguson,,RB,0.0,,0.0
Jordan Wilkins,,RB,0.0,,0.0
Marvin Bracy,,WR,0.0,,0.0
Julian Fleming,,WR,0.0,,0.0
DeAngelo Hardy,,WR,0.0,,0.0
Ryan Griffin,,QB,0.0,,0.0
Michael Strachan,,WR,0.0,,0.0
Cole Beck,,WR,0.0,,0.0
Sean Modster,,WR,0.0,,0.0
Ife Adeyi,,WR,0.0,,0.0
Jacolby George,,WR,0.0,,0.0
Albert Wilson,,WR,0.0,,0.0
Jequez Ezzard,,WR,0.0,,0.0
Demario Richard,,RB,0.0,,0.0
Rex Burkhead,,RB,0.0,,0.0
DeShone Kizer,,QB,0.0,,0.0
Zack Annexstad,,QB,0.0,,0.0
Tyler Boyd,,WR,0.0,,0.0
Adonis Jennings,,WR,0.0,,0.0
Elijah Mitchell,KC,RB,0.0,,0.0
Josh Rounds,,RB,0.0,,0.0
Brett Hundley,,QB,0.0,,0.0
Jabari Small,,RB,0.0,,0.0
Rushel Shell,,RB,0.0,,0.0
Ito Smith,DAL,RB,0.0,,0.0
RJ Mobley,,WR,0.0,,0.0
Marshaun Coprich,,RB,0.0,,0.0
Kahlil Lewis,,WR,0.0,,0.0
Phillip Lindsay,,RB,0.0,,0.0
I'Tavius Mathers,,RB,0.0,,0.0
Marcus Major,,RB,0.0,,0.0
J.J. Jones,,WR,0.0,,0.0
J.D. McKissic,,RB,0.0,,0.0
Gio Pascascio,,WR,0.0,,0.0
Austin Jones,,RB,0.0,,0.0
Harvey Binford,,WR,0.0,,0.0
Xavier Jones,,RB,0.0,,0.0
Darrynton Evans,,RB,0.0,,0.0
David Johnson,,RB,0.0,,0.0
Shelton Gibson,,WR,0.0,,0.0
Marken Michel,,WR,0.0,,0.0
Deontay Burnett,,WR,0.0,,0.0
Case Cookus,,QB,0.0,,0.0
Diontae Spencer,,WR,0.0,,0.0
Emani Bailey,,RB,0.0,,0.0
Devontae Booker,,RB,0.0,,0.0
DeAngelo Yancey,,WR,0.0,,0.0
Mohamed Sanu,,WR,0.0,,0.0
Elijhah Badger,,WR,0.0,,0.0
Tyrell Williams,,WR,0.0,,0.0
Johnnie Dixon,,WR,0.0,,0.0
Cameron Batson,,WR,0.0,,0.0
Brandon Shippen,,WR,0.0,,0.0
Davion Davis,,WR,0.0,,0.0
Keon Hatcher,,WR,0.0,,0.0
J'Mar Smith,,QB,0.0,,0.0
Shane Carden,,QB,0.0,,0.0
Nico Evans,,RB,0.0,,0.0
Micah Wright,,WR,0.0,,0.0
Alshon Jeffery,,WR,0.0,,0.0
Martez Carter,,RB,0.0,,0.0
Ishmael Zamora,,WR,0.0,,0.0
Ethan Garbers,,QB,0.0,,0.0
Devine Ozigbo,,RB,0.0,,0.0
Felton Davis,,WR,0.0,,0.0
Robert Burns,,RB,0.0,,0.0
Isaiah Zuber,,WR,0.0,,0.0
Robert Lewis,,WR,0.0,,0.0
Tyler Snead,,WR,0.0,,0.0
Peter LeBlanc,,WR,0.0,,0.0
Travon McMillian,,RB,0.0,,0.0
Dakereon Joyner,,WR,0.0,,0.0
Jaelon Darden,,WR,0.0,,0.0
Brandon Bolden,,RB,0.0,,0.0
Willie Snead,,WR,0.0,,0.0
T.J. Linta,,QB,0.0,,0.0
Darnell Holland,,RB,0.0,,0.0
Corey Taylor,,RB,0.0,,0.0
Davis Webb,,QB,0.0,,0.0
Marquis Young,,RB,0.0,,0.0
Adrian Coxson,,WR,0.0,,0.0
Jaden Smith,,WR,0.0,,0.0
Anthony Boone,,QB,0.0,,0.0
Sione Houma,,RB,0.0,,0.0
Kadarius Toney,,WR,0.0,,0.0
Chris Evans,,RB,0.0,,0.0
Christian Wade,,RB,0.0,,0.0
Daikiel Shorts,,WR,0.0,,0.0
Jahwan Edwards,,RB,0.0,,0.0
Pharoh Cooper,,WR,0.0,,0.0
Bruce Anderson,,RB,0.0,,0.0
JoJo Natson,,WR,0.0,,0.0
Michael Herzog,,RB,0.0,,0.0
Corbin Louks,,WR,0.0,,0.0
Michael Johnson,,WR,0.0,,0.0
Seth Williams,,WR,0.0,,0.0
C.J. Germany,,WR,0.0,,0.0
Connor Jessop,,QB,0.0,,0.0
Dontez Byrd,,WR,0.0,,0.0
Trevion Thompson,,WR,0.0,,0.0
Austin Reed,,QB,0.0,,0.0
Malik Earl,,WR,0.0,,0.0
Brian Lewerke,,QB,0.0,,0.0
Brian Hoyer,,QB,0.0,,0.0
Steven Mitchell,,WR,0.0,,0.0
Manny Wilkins,,QB,0.0,,0.0
Jalen Hurd,,WR,0.0,,0.0
David Durden,,WR,0.0,,0.0
Landon Parker,,WR,0.0,,0.0
Gabe Marks,,WR,0.0,,0.0
Derrius Guice,,RB,0.0,,0.0
Tre'Quan Smith,,WR,0.0,,0.0
Sandro Platzgummer,,RB,0.0,,0.0
Tyjon Lindsey,,WR,0.0,,0.0
Dai'Jean Dixon,,WR,0.0,,0.0
Steven Sims,,WR,0.0,,0.0
Thyrick Pitts,,WR,0.0,,0.0
Trevon Clark,,WR,0.0,,0.0
Gavin Holmes,,WR,0.0,,0.0
Trinity Benson,,WR,0.0,,0.0
Jamari Staples,,WR,0.0,,0.0
Gary Jennings,,WR,0.0,,0.0
Chevan Cordeiro,,QB,0.0,,0.0
Jarred Haggins,,WR,0.0,,0.0
Elijah Collins,,RB,0.0,,0.0
D'Vonte Price,,RB,0.0,,0.0
Anthony McFarland,,RB,0.0,,0.0
Duke Johnson,,RB,0.0,,0.0
Detrich Clark,,WR,0.0,,0.0
Dontrell Hilliard,,RB,0.0,,0.0
Jalen Greene,,WR,0.0,,0.0
Rodney Adams,,WR,0.0,,0.0
Shane Leatherbury,,WR,0.0,,0.0
C.J. Anderson,,RB,0.0,,0.0
Nathan Cottrell,,RB,0.0,,0.0
Willie Johnson,,WR,0.0,,0.0
Damon Hazelton,,WR,0.0,,0.0
Rico Bussey,,WR,0.0,,0.0
Dakota Caton,,WR,0.0,,0.0
Quayvon Hicks,,RB,0.0,,0.0
Bailey Gaither,,WR,0.0,,0.0
Khalan Laborn,,RB,0.0,,0.0
Damion Jeanpiere,,WR,0.0,,0.0
C.J. Duncan,,WR,0.0,,0.0
Monaray Baldwin,,WR,0.0,,0.0
Andrew Armstrong,,WR,0.0,,0.0
Brandon Powell,,WR,0.0,,0.0
Kekoa Crawford,,WR,0.0,,0.0
David Fluellen,,RB,0.0,,0.0
Trey Ragas,,RB,0.0,,0.0
Eli Jenkins,,QB,0.0,,0.0
Tony Stevens,,WR,0.0,,0.0
Shaq Hill,,WR,0.0,,0.0
Chase Cota,,WR,0.0,,0.0
Kyric McGowan,,WR,0.0,,0.0
Tommy DeVito,NE,QB,0.0,,0.0
DaVaris Daniels,,WR,0.0,,0.0
Demetrius Wilson,,WR,0.0,,0.0
Deonte Harty,,WR,0.0,,0.0
Wes Hills,,RB,0.0,,0.0
Bobo Wilson,,WR,0.0,,0.0
Roderick Daniels,,WR,0.0,,0.0
Hajj-Malik Williams,,QB,0.0,,0.0
Jacques Patrick,,RB,0.0,,0.0
Chad Hansen,,WR,0.0,,0.0
Julian Edelman,,WR,0.0,,0.0
Keeon Johnson,,WR,0.0,,0.0
Colt McCoy,,QB,0.0,,0.0
Da'Mari Scott,,WR,0.0,,0.0
Equanimeous St. Brown,,WR,0.0,,0.0
Jalen Richard,LV,RB,0.0,,0.0
Marcus Lucas,,WR,0.0,,0.0
Francis Owusu,,WR,0.0,,0.0
Gus Edwards,,RB,0.0,,0.0
Romell Guerrier,,WR,0.0,,0.0
Monty Madaris,,WR,0.0,,0.0
Jaleel Scott,,WR,0.0,,0.0
Avery Davis,,WR,0.0,,0.0
Matt Colburn,,RB,0.0,,0.0
Chris Carson,,RB,0.0,,0.0
Marquez Stevenson,,WR,0.0,,0.0
Xavier Guillory,,WR,0.0,,0.0
Ronald Awatt,,RB,0.0,,0.0
Alex Barnes,,RB,0.0,,0.0
Fred Trevillion,,WR,0.0,,0.0
Lacoltan Bester,,WR,0.0,,0.0
Davon Grayson,,WR,0.0,,0.0
Connor Neighbors,,RB,0.0,,0.0
Brisly Estime,,WR,0.0,,0.0
Lee Ward,,RB,0.0,,0.0
Rashaad Penny,,RB,0.0,,0.0
Buddy Howell,,RB,0.0,,0.0
Chad Kelly,,QB,0.0,,0.0
Zander Horvath,,RB,0.0,,0.0
Germone Hopper,,WR,0.0,,0.0
Mitch Mathews,,WR,0.0,,0.0
Phillip Sims,,QB,0.0,,0.0
Cam Johnson,,WR,0.0,,0.0
Austin Carr,,WR,0.0,,0.0
KJ Hill,LAC,WR,0.0,,0.0
Ramel Keyton,,WR,0.0,,0.0
Jose Barbon,,WR,0.0,,0.0
Chase Daniel,,QB,0.0,,0.0
Jared Dangerfield,,WR,0.0,,0.0
KeVonn Mabon,,WR,0.0,,0.0
Dennis Parks,,WR,0.0,,0.0
Cody Kessler,,QB,0.0,,0.0
Karel Hamilton,,WR,0.0,,0.0
Elijah Holyfield,,RB,0.0,,0.0
Taywan Taylor,,WR,0.0,,0.0
Dazz Newsome,,WR,0.0,,0.0
Aca'Cedric Ware,,RB,0.0,,0.0
Jester Weah,,WR,0.0,,0.0
Daurice Fountain,,WR,0.0,,0.0
Alfred Morris,,RB,0.0,,0.0
Isaiah Wooden,,WR,0.0,,0.0
George Campbell,,WR,0.0,,0.0
T.J. Jones,,WR,0.0,,0.0
Kerryon Johnson,,RB,0.0,,0.0
Nick Fitzgerald,,QB,0.0,,0.0
James Robinson,,RB,0.0,,0.0
Devin Ross,,WR,0.0,,0.0
Tre Mosley,,WR,0.0,,0.0
Mataeo Durant,,RB,0.0,,0.0
OJ Hiliare,,WR,0.0,,0.0
JJ Laap,,WR,0.0,,0.0
Landon Lenoir,,WR,0.0,,0.0
Darius Prince,,WR,0.0,,0.0
Chris Tyree,,WR,0.0,,0.0
Joe Horn,,WR,0.0,,0.0
Amari Rodgers,,WR,0.0,,0.0
Desmond Martin,,RB,0.0,,0.0
Nate Sudfeld,,QB,0.0,,0.0
Dez Bryant,,WR,0.0,,0.0
Tre Walker,,WR,0.0,,0.0
Trevon Grimes,,WR,0.0,,0.0
DeSean Jackson,,WR,0.0,,0.0
Jordan Terrell,,RB,0.0,,0.0
Duece Watts,,WR,0.0,,0.0
Johnathon Johnson,,WR,0.0,,0.0
Bilal Powell,,RB,0.0,,0.0
Keelan Cole,,WR,0.0,,0.0
Antonio Brown,,WR,0.0,,0.0
Reggie Bonnafon,,RB,0.0,,0.0
Abram Smith,,RB,0.0,,0.0
Javian Hawkins,,RB,0.0,,0.0
Jalen White,,RB,0.0,,0.0
Tyler McCloskey,,RB,0.0,,0.0
John Diarse,,WR,0.0,,0.0
Jalen Sample,,WR,0.0,,0.0
John Harris,,WR,0.0,,0.0
Ryan Finley,,QB,0.0,,0.0
Jaden Shirden,,RB,0.0,,0.0
Juwann Winfree,,WR,0.0,,0.0
De'Chavon Hayes,,RB,0.0,,0.0
Braxton Burmeister,,WR,0.0,,0.0
Stephen Guidry,,WR,0.0,,0.0
JoJo Ward,,WR,0.0,,0.0
Cornell Powell,,WR,0.0,,0.0
Antoine Wesley,,WR,0.0,,0.0
Terrell Newby,,RB,0.0,,0.0
Travis Jonsen,,WR,0.0,,0.0
Isaiah McKoy,,WR,0.0,,0.0
Jehu Chesson,,WR,0.0,,0.0
Anthony Sherman,,RB,0.0,,0.0
Justin Strong,,RB,0.0,,0.0
Devin Leary,,QB,0.0,,0.0
Jake Coker,,QB,0.0,,0.0
Zimari Manning,,WR,0.0,,0.0
Darrel Williams,,RB,0.0,,0.0
Dres Anderson,,WR,0.0,,0.0
Adrian Peterson,,RB,0.0,,0.0
Matt Fleming,,WR,0.0,,0.0
Zach Terrell,BAL,QB,0.0,,0.0
Jameis Winston,NYG,QB,0.0,,0.0
Ronald Jones,,RB,0.0,,0.0
Khalfani Muhammad,,RB,0.0,,0.0
Trevor Davis,,WR,0.0,,0.0
Chris Autman-Bell,,WR,0.0,,0.0
Valentine Holmes,,RB,0.0,,0.0
Jarvis Landry,,WR,0.0,,0.0
Devontae Jackson,,RB,0.0,,0.0
Cole Beasley,,WR,0.0,,0.0
Timothy Flanders,,RB,0.0,,0.0
Tra Carson,,RB,0.0,,0.0
Quenton Bundrage,,WR,0.0,,0.0
Toa Taua,,RB,0.0,,0.0
Julian Hicks,,WR,0.0,,0.0
Quincy Enunwa,,WR,0.0,,0.0
Kinkead Dent,,QB,0.0,,0.0
Austin Duke,,WR,0.0,,0.0
Kwamie Lassiter,,WR,0.0,,0.0
DeWayne McBride,,RB,0.0,,0.0
Nick Brossette,,RB,0.0,,0.0
Mario Williams,,WR,0.0,,0.0
Corey Sutton,,WR,0.0,,0.0
Dante Wright,,WR,0.0,,0.0
Zach Mathis,,WR,0.0,,0.0
Derek Carr,,QB,0.0,,0.0
Allen Robinson,,WR,0.0,,0.0
Cole McDonald,,QB,0.0,,0.0
John Brown,,WR,0.0,,0.0
Moose Muhammad,,WR,0.0,,0.0
Kevin Snead,,WR,0.0,,0.0
Dustin Crum,,QB,0.0,,0.0
Tyre Brady,,WR,0.0,,0.0
Keyarris Garrett,,WR,0.0,,0.0
Stanley Williams,,RB,0.0,,0.0
Tyler Vaughns,,WR,0.0,,0.0
Myron Mitchell,,WR,0.0,,0.0
Tyler Hoosman,,RB,0.0,,0.0
Dresser Winn,,QB,0.0,,0.0
Bryant Koback,,RB,0.0,,0.0
Corey Crooms,,WR,0.0,,0.0
Ajou Ajou,,WR,0.0,,0.0
B.J. Emmons,,RB,0.0,,0.0
Keshunn Abram,,WR,0.0,,0.0
Jordan Bly,,WR,0.0,,0.0
Jake Herslow,,WR,0.0,,0.0
Michael Crabtree,,WR,0.0,,0.0
Collin Hill,,QB,0.0,,0.0
Chris Brown,,WR,0.0,,0.0
Kyle Sheets,,WR,0.0,,0.0
Joe Webb,,QB,0.0,,0.0
Joseph Scates,,WR,0.0,,0.0
David Olson,,QB,0.0,,0.0
Rodney Smith,,RB,0.0,,0.0
Jacob Copeland,,WR,0.0,,0.0
Jalen Simmons,,RB,0.0,,0.0
Josh Magee,,WR,0.0,,0.0
Holton Ahlers,,QB,0.0,,0.0
Jaylen Samuels,,RB,0.0,,0.0
Isaiah Spiller,,RB,0.0,,0.0
Taylor Morin,,WR,0.0,,0.0
Landen Akers,,WR,0.0,,0.0
Changa Hodge,,WR,0.0,,0.0
Kasey Closs,,WR,0.0,,0.0
TD Ayo-Durojaiye,,RB,0.0,,0.0
Casey Bauman,,QB,0.0,,0.0
Kyle Philips,,WR,0.0,,0.0
Darece Roberson,,WR,0.0,,0.0
Nick Tiano,,QB,0.0,,0.0
Malachi Carter,,WR,0.0,,0.0
Marshawn Lynch,,RB,0.0,,0.0
Josh Doctson,,WR,0.0,,0.0
Marcus Johnson,,WR,0.0,,0.0
Lynn Bowden,,WR,0.0,,0.0
Collin Schlee,,QB,0.0,,0.0
Frank Darby,,WR,0.0,,0.0
Darrius Sims,,RB,0.0,,0.0
Ryan Nall,,RB,0.0,,0.0
Anthony Johnson,,WR,0.0,,0.0
Aaron Lacombe,,WR,0.0,,0.0
Kenjon Barner,,RB,0.0,,0.0
Kurt Benkert,,QB,0.0,,0.0
Taylor Elgersma,,QB,0.0,,0.0
Spencer Brown,,RB,0.0,,0.0
Jared Bernhardt,,WR,0.0,,0.0
T.J. Simmons,,WR,0.0,,0.0
Dominique Brown,,RB,0.0,,0.0
Mike Weber,,RB,0.0,,0.0
Marcus Peterson,,WR,0.0,,0.0
Frank Gore,,RB,0.0,,0.0
Brian Herrien,,RB,0.0,,0.0
Jalen Guyton,,WR,0.0,,0.0
Phil Lutz,,WR,0.0,,0.0
Devin Carter,,WR,0.0,,0.0
Floyd Allen,,WR,0.0,,0.0
Dredrick Snelson,,WR,0.0,,0.0
Louis Rees-Zammit,,RB,0.0,,0.0
Dez Stewart,,WR,0.0,,0.0
Seth Dawkins,,WR,0.0,,0.0
Trey Millard,,RB,0.0,,0.0
Sean Ryan,,WR,0.0,,0.0
Ke'Shawn Vaughn,,RB,0.0,,0.0
Daniel Williams,,WR,0.0,,0.0
Nick Schuessler,PIT,QB,0.0,,0.0
Tony Jones,,RB,0.0,,0.0
Jamison Crowder,,WR,0.0,,0.0
Carlos Henderson,,WR,0.0,,0.0
Luke Falk,,QB,0.0,,0.0
Eli Pancol,,WR,0.0,,0.0
Keilahn Harris,,WR,0.0,,0.0
Nay'Quan Wright,,RB,0.0,,0.0
Josh Rosen,,QB,0.0,,0.0
Marquez Clark,,WR,0.0,,0.0
Treveyon Pratt,,WR,0.0,,0.0
Joseph Ngata,,WR,0.0,,0.0
Marcus Martin,,RB,0.0,,0.0
Jacob Harris,,WR,0.0,,0.0
Paxton Lynch,,QB,0.0,,0.0
Jerick McKinnon,,RB,0.0,,0.0
Dylan McDuffie,,RB,0.0,,0.0
Jason Huntley,,RB,0.0,,0.0
David Fales,,QB,0.0,,0.0
Dalton Crossan,,RB,0.0,,0.0
Travell Harris,,WR,0.0,,0.0
J.J. Koski,,WR,0.0,,0.0
Brandon Lewis,,WR,0.0,,0.0
Marcus Tucker,,WR,0.0,,0.0
Nick Williams,DEN,WR,0.0,,0.0
Shaquelle Evans,,WR,0.0,,0.0
Devon Williams,,WR,0.0,,0.0
Matt Cole,,WR,0.0,,0.0
Penny Hart,,WR,0.0,,0.0
Marvelle Ross,,WR,0.0,,0.0
Mike Boone,,RB,0.0,,0.0
Drew Estrada,,WR,0.0,,0.0
Drew Anderson,,QB,0.0,,0.0
Tre Turner,,WR,0.0,,0.0
Christian Powell,,RB,0.0,,0.0
John Kelly,,RB,0.0,,0.0
Hassan Hall,,RB,0.0,,0.0
Daniel Jackson,,WR,0.0,,0.0
Dexter Williams,,RB,0.0,,0.0
Broc Rutter,,QB,0.0,,0.0
Tyshaun James,,WR,0.0,,0.0
KeeSean Johnson,,WR,0.0,,0.0
Terique Owens,,WR,0.0,,0.0
Nyqwan Murray,,WR,0.0,,0.0
Johnny Holton,,WR,0.0,,0.0
Paul Browning,,WR,0.0,,0.0
Russell Shepard,,WR,0.0,,0.0
Devine Redding,,RB,0.0,,0.0
Mikah Holder,,WR,0.0,,0.0
Kenny Lawler,,WR,0.0,,0.0
Ja'Marcus Bradley,,WR,0.0,,0.0
Trey Griffey,,WR,0.0,,0.0
Shae Wyatt,,WR,0.0,,0.0
William Fuller,,WR,0.0,,0.0
Josh Smith,,WR,0.0,,0.0
Tyler Adams,,WR,0.0,,0.0
LeVante Bellamy,,RB,0.0,,0.0
Garrett Johnson,,WR,0.0,,0.0
A.J. Ouellette,,RB,0.0,,0.0
Cephus Johnson,,WR,0.0,,0.0
Raphael Leonard,,WR,0.0,,0.0
David White,,WR,0.0,,0.0
Wayne Ruby,,WR,0.0,,0.0
Michael Walker,,WR,0.0,,0.0
Tanner Morgan,,QB,0.0,,0.0
Darius Bradwell,,RB,0.0,,0.0
Thomas Ives,CHI,WR,0.0,,0.0
Rajion Neal,,RB,0.0,,0.0
Tim Boyle,,QB,0.0,,0.0
Jake Wieneke,,WR,0.0,,0.0
Robert Davis,,WR,0.0,,0.0
Danny Anthrop,,WR,0.0,,0.0
John Hightower,,WR,0.0,,0.0
Joshua Kelley,,RB,0.0,,0.0
Kenny Bell,,WR,0.0,,0.0
Adam Choice,,RB,0.0,,0.0
Alex Wesley,,WR,0.0,,0.0
Camerun Peoples,,RB,0.0,,0.0
Spencer Sanders,,QB,0.0,,0.0
Stanley Morgan,,WR,0.0,,0.0
Darrell Henderson,,RB,0.0,,0.0
Braydon Johnson,,WR,0.0,,0.0
Ted Ginn,,WR,0.0,,0.0
Marcus Marshall,,RB,0.0,,0.0
Jonah Trinnaman,,WR,0.0,,0.0
Josh Gordon,,WR,0.0,,0.0
Ahmad Fulwood,,WR,0.0,,0.0
Jaelon Acklin,,WR,0.0,,0.0
Ian Wheeler,,RB,0.0,,0.0
Je'Quan Burton,,WR,0.0,,0.0
Darius Victor,,RB,0.0,,0.0
Kalil Pimpleton,,WR,0.0,,0.0
Damien Williams,,RB,0.0,,0.0
Kobe Hudson,,WR,0.0,,0.0
Kai Locksley,,WR,0.0,,0.0
Kendall Hinton,,WR,0.0,,0.0
Mike Williams,,WR,0.0,,0.0
Nick Easley,,WR,0.0,,0.0
Anthony Dable,,WR,0.0,,0.0
Sy Barnett,,WR,0.0,,0.0
Jaquarii Roberson,,WR,0.0,,0.0
Tiyon Evans,,RB,0.0,,0.0
Malik Williams,,RB,0.0,,0.0
Tyler Ferguson,,QB,0.0,,0.0
Cam Newton,,QB,0.0,,0.0
Chase Claypool,,WR,0.0,,0.0
Kendrick Ings,,WR,0.0,,0.0
K.J. Costello,,QB,0.0,,0.0
Ezekiel Elliott,,RB,0.0,,0.0
Tony Creecy,,RB,0.0,,0.0
Jamire Jordan,,WR,0.0,,0.0
Josh Vann,,WR,0.0,,0.0
Savon Scarver,,WR,0.0,,0.0
Roland Rivers,,QB,0.0,,0.0
Marchie Murdock,,WR,0.0,,0.0
Matt Corral,,QB,0.0,,0.0
Brennan Eagles,,WR,0.0,,0.0
Darius Davis,,WR,0.0,,0.0
Phillip Brooks,,WR,0.0,,0.0
James Gilbert,,RB,0.0,,0.0
Praise Olatoke,,WR,0.0,,0.0
Bryce Bobo,,WR,0.0,,0.0
Kennedy Brooks,,RB,0.0,,0.0
Kaden Prather,,WR,0.0,,0.0
Darrell Stewart,,WR,0.0,,0.0
Kevin Marks,,RB,0.0,,0.0
Diontae Johnson,,WR,0.0,,0.0
Geremy Davis,,WR,0.0,,0.0
Colby Pearson,,WR,0.0,,0.0
Jacob Huesman,,QB,0.0,,0.0
Kawaan Baker,,WR,0.0,,0.0
Cam Camper,,WR,0.0,,0.0
Rashard Higgins,,WR,0.0,,0.0
Darvin Kidsy,,WR,0.0,,0.0
Ricky Collins,,WR,0.0,,0.0
Otis Anderson,,RB,0.0,,0.0
Dez Fitzpatrick,,WR,0.0,,0.0
Dedrick Mills,,RB,0.0,,0.0
Josh Caldwell,,RB,0.0,,0.0
Damiere Byrd,,WR,0.0,,0.0
Jelani Baker,,WR,0.0,,0.0
Karan Higdon,,RB,0.0,,0.0
Jaylon Moore,,WR,0.0,,0.0
Jonathan Williams,,RB,0.0,,0.0
Trestan Ebner,,RB,0.0,,0.0
Dalton Sturm,,QB,0.0,,0.0
Shay Fields,,WR,0.0,,0.0
Elijah McGuire,KC,RB,0.0,,0.0
Charles McClelland,,RB,0.0,,0.0
Jaxon Janke,,WR,0.0,,0.0
BJ Baylor,,RB,0.0,,0.0
Tevin Coleman,,RB,0.0,,0.0
Wes Lunt,,QB,0.0,,0.0
Michael Rector,,WR,0.0,,0.0
Keith Marshall,,RB,0.0,,0.0
Jake Funk,,RB,0.0,,0.0
Amari Cooper,,WR,0.0,,0.0
Cayleb Jones,,WR,0.0,,0.0
Romar Morris,,RB,0.0,,0.0
Tim Wilson,,WR,0.0,,0.0
Samson Nacua,,WR,0.0,,0.0
Greg Ward,,WR,0.0,,0.0
Aaron Fuller,,WR,0.0,,0.0
Tim DeMorat,,QB,0.0,,0.0
Ryan Switzer,,WR,0.0,,0.0
Matt Breida,,RB,0.0,,0.0
Tyler Hudson,,WR,0.0,,0.0
Dontrelle Inman,,WR,0.0,,0.0
Adrian Martinez,SF,QB,10.0,-0.1,-0.17
Jarrett Stidham,DEN,QB,10.0,-0.1,-0.17
Teddy Bridgewater,TB,QB,9.0,-0.1,-0.18888888888888888
Derius Davis,LAC,WR,7.0,-0.2,-0.48571428571428577
Kyle Allen,DET,QB,9.0,-0.3,-0.5666666666666667
Jimmy Garoppolo,LAR,QB,9.0,-0.3,-0.5666666666666667
Tanner McKee,PHI,QB,5.0,-0.2,-0.68
Nyheim Hines,,RB,4.0,-0.2,-0.8500000000000001
Gardner Minshew,KC,QB,9.0,-0.6,-1.1333333333333333
Kenny Pickett,LV,QB,9.0,-1.68,-3.173333333333333
Ke'Shawn Williams,PIT,WR,9.0,-2.0,-3.7777777777777777
Xavier Gipson,PHI,WR,3.0,-0.7,-3.9666666666666663
Jalen Milroe,SEA,QB,4.0,-1.6,-6.800000000000001
Myles Price,MIN,WR,9.0,-4.0,-7.555555555555555
Salvon Ahmed,IND,RB,10.0,,
Kendall Milton,CIN,RB,9.0,,
Jacob Cowing,SF,WR,10.0,,
Miles Boykin,,WR,8.0,,
Dante Pettis,NO,WR,6.0,,
Jaleel McLaughlin,DEN,RB,1.0,,
LaJohntay Wester,BAL,WR,9.0,,
Josh Kelly,HOU,WR,9.0,,
Pierre Strong,GB,RB,6.0,,
Trey Sermon,PIT,RB,9.0,,
Audric Estime,NO,RB,9.0,,
Johnny Wilson,PHI,WR,8.0,,
Xazavian Valladay,,RB,3.0,,
Jamaal Pritchett,NYJ,WR,9.0,,
Jashaun Corbin,NE,RB,5.0,,
Efton Chism,NE,WR,4.0,,
Jason Brownlee,KC,WR,8.0,,
Ja'Corey Brooks,WAS,WR,10.0,,
Quez Watkins,PHI,WR,5.0,,
Khalil Herbert,NYJ,RB,4.0,,
Lew Nichols,PIT,RB,9.0,,
Jahdae Walker,CHI,WR,5.0,,
C.J. Beathard,DET,QB,9.0,,
Rondale Moore,MIN,WR,9.0,,
Corey Kiner,MIN,RB,8.0,,
Seth Henigan,,QB,4.0,,
Ricky White,SEA,WR,9.0,,
Deion Hankins,CHI,RB,9.0,,
Sam Ehlinger,DEN,QB,3.0,,
Jeff Wilson,MIA,RB,10.0,,
Lucky Jackson,,WR,3.0,,
Hendon Hooker,,QB,9.0,,
Anthony Miller,,WR,3.0,,
Simi Fehoko,ARI,WR,9.0,,
Chandler Brayboy,JAX,WR,9.0,,
Xavier Weaver,ARI,WR,4.0,,
Josh Johnson,WAS,QB,4.0,,
Rushawn Baker,NE,RB,2.0,,
Jimmy Holiday,,WR,9.0,,
Shedeur Sanders,CLE,QB,3.0,,
Malik Turner,SF,WR,10.0,,
Garrett Greene,TB,QB,9.0,,
Maurice Alexander,CHI,WR,9.0,,
Luke Floriea,CLE,WR,6.0,,
Britain Covey,PHI,WR,8.0,,
Deneric Prince,NE,RB,10.0,,
Jalen McMillan,TB,WR,9.0,,
Dalevon Campbell,LAC,WR,7.0,,
Sean Clifford,CIN,QB,6.0,,
Emory Jones,ATL,QB,9.0,,
Jermar Jefferson,ARI,RB,5.0,,
Will Levis,TEN,QB,9.0,,
Tommy Mellott,,WR,5.0,,
Dontae Fleming,MIN,WR,9.0,,
Isaac Guerendo,SF,RB,10.0,,
Jordan Moore,CIN,WR,9.0,,
Ronnie Bell,NO,WR,9.0,,
Logan Woodside,,QB,5.0,,
Mason Tipton,NO,WR,10.0,,
Alexander Mattison,MIA,RB,10.0,,
Jake Haener,NO,QB,9.0,,
Chris Blair,ATL,WR,9.0,,
Kristian Wilkerson,,WR,8.0,,
Elijah Cooks,,WR,1.0,,
Cody Schrader,JAX,RB,2.0,,
Skylar Thompson,PIT,QB,8.0,,
Russell Gage,SF,WR,10.0,,
Isaiah Neyor,GB,WR,8.0,,
Easton Stick,ATL,QB,9.0,,
Bailey Zappe,CLE,QB,9.0,,
Velus Jones,,WR,7.0,,
Owen Wright,TB,RB,4.0,,
Deven Thompkins,ATL,WR,6.0,,
Dayton Wade,BAL,WR,9.0,,
Irvin Charles,NYJ,WR,9.0,,
Evan Hull,NO,RB,2.0,,
Robbie Ouzts,SEA,RB,9.0,,
DeAndre Carter,CLE,WR,9.0,,
JaMycal Hasty,MIA,RB,10.0,,
JaQuae Jackson,LAC,WR,10.0,,
Keith Kirkwood,BAL,WR,9.0,,
Hunter Dekkers,NO,QB,9.0,,
Stephen Gosnell,BUF,WR,9.0,,
Clayton Tune,GB,QB,8.0,,
Dalen Cambre,NYG,WR,8.0,,
Kedon Slovis,ARI,QB,9.0,,
Will Grier,DAL,QB,9.0,,
John Rhys Plumlee,,QB,1.0,,
Sincere McCormick,SF,RB,10.0,,
Isaiah Hodgins,PIT,WR,7.0,,
Jonathan Mingo,DAL,WR,8.0,,
Silas Bolden,,WR,2.0,,
Mecole Hardman,BUF,WR,3.0,,
Antwane Wells,,WR,2.0,,
Traeshon Holden,DAL,WR,9.0,,
Mason Kinsey,TEN,WR,9.0,,
Kaden Davis,CLE,WR,9.0,,
Keaontay Ingram,KC,RB,9.0,,
James Proche,TEN,WR,8.0,,
Brandon Allen,TEN,QB,9.0,,
Connor Bazelak,TB,QB,9.0,,
Amar Johnson,LAC,RB,10.0,,
Cade McDonald,,WR,6.0,,
Dante Miller,NYG,RB,10.0,,
Will Howard,PIT,QB,9.0,,
Shane Buechele,BUF,QB,9.0,,
David Bell,,WR,6.0,,
Nick Nash,ATL,WR,9.0,,
Hal Presley,TEN,WR,2.0,,
Trenton Irwin,NYJ,WR,3.0,,
Stetson Bennett,LAR,QB,1.0,,
Aidan O'Connell,LV,QB,9.0,,
Brett Rypien,IND,QB,9.0,,
Quintez Cephus,HOU,WR,6.0,,
DJ Turner,LV,WR,2.0,,
Scotty Washington,BAL,WR,1.0,,
Gary Brightwell,CIN,RB,9.0,,
Kurtis Rourke,SF,QB,10.0,,
Reggie Gilliam,BUF,RB,9.0,,
Patrick Taylor,SF,RB,10.0,,
Dan Chisena,CAR,WR,7.0,,
Jonathan Ward,,RB,1.0,,
Lan Larison,NE,RB,10.0,,
Dominic Lovett,DET,WR,9.0,,
Jeremiah Webb,NE,WR,10.0,,
Terrace Marshall,,WR,8.0,,
Shedrick Jackson,LV,WR,9.0,,
Trayveon Williams,LAC,RB,4.0,,
John Jiles,NE,WR,10.0,,
Damien Martinez,,RB,2.0,,
Chris Oladokun,KC,QB,9.0,,
Dylan Drummond,ATL,WR,9.0,,
Trishton Jackson,,WR,3.0,,
Coleman Owen,IND,WR,10.0,,
DJ Uiagalelei,LAC,QB,10.0,,
Anthony Tyus,CAR,RB,6.0,,
MarShawn Lloyd,GB,RB,8.0,,
Brady Cook,NYJ,QB,9.0,,
Eric Gray,NYG,RB,10.0,,
Tru Edwards,LAR,WR,9.0,,
Gabe Davis,BUF,WR,9.0,,
Tejhaun Palmer,ARI,WR,9.0,,
Ronnie Rivers,LAR,RB,9.0,,
Trent Taylor,SF,WR,10.0,,
Desmond Ridder,,QB,1.0,,
Darius Cooper,PHI,WR,8.0,,
Carlos Washington,ATL,RB,9.0,,
Jonathon Brooks,CAR,RB,10.0,,
Ja'seem Reed,CAR,WR,10.0,,
Kendric Pryor,CIN,WR,7.0,,
Jacoby Jones,WAS,WR,10.0,,
Ainias Smith,CAR,WR,10.0,,
AJ Henning,MIA,WR,10.0,,
Lawrance Toafili,,RB,2.0,,
DeeJay Dallas,CAR,RB,7.0,,
Trevor Siemian,TEN,QB,9.0,,
Joe Mixon,HOU,RB,9.0,,
Graham Mertz,HOU,QB,1.0,,
Javon Baker,,WR,6.0,,
Theo Wease,MIA,WR,10.0,,
Cam Miller,LV,QB,9.0,,
Malik Willis,GB,QB,8.0,,
Ty Chandler,MIN,RB,9.0,,
Mike White,,QB,4.0,,
Kyle McCord,PHI,QB,8.0,,
Carson Steele,KC,RB,9.0,,
Justin Shorter,LV,WR,9.0,,
Frank Gore,BUF,RB,9.0,,
Xavier Restrepo,TEN,WR,9.0,,
Thayer Thomas,,WR,6.0,,
Ja'Quinden Jackson,JAX,RB,9.0,,
Cornelius Johnson,BAL,WR,8.0,,
Myles Gaskin,SEA,RB,5.0,,
D.J. Montgomery,IND,WR,10.0,,
Jamal Agnew,ATL,WR,7.0,,
Jordan James,SF,RB,1.0,,
Erik Ezukanma,,WR,5.0,,
Brenden Rice,NE,WR,1.0,,
Jackson Meeks,DET,WR,9.0,,
Quentin Skinner,NYJ,WR,9.0,,
Kalel Mullings,TEN,RB,8.0,,
Brandon Aiyuk,SF,WR,10.0,,
Keilan Robinson,NYJ,RB,8.0,,
Dennis Houston,TB,WR,9.0,,
Kye Robichaux,DET,RB,9.0,,
Michael Wiley,TB,RB,3.0,,
Carter Bradley,JAX,QB,5.0,,
Samori Toure,,WR,3.0,,
Trey Palmer,NO,WR,6.0,,
Courtney Jackson,SEA,WR,9.0,,
Kyrese Rowan,DEN,WR,3.0,,
Ihmir Smith-Marsette,NYG,WR,10.0,,
Bub Means,NO,WR,10.0,,
Kevin Austin,NO,WR,10.0,,
Lance McCutcheon,TEN,WR,3.0,,
Raheem Blackshear,,RB,4.0,,
Luke Grimm,,WR,8.0,,
Sam Hartman,WAS,QB,10.0,,
A.T. Perry,DEN,WR,10.0,,
Junior Bergen,SF,WR,10.0,,
Laquon Treadwell,IND,WR,10.0,,
Sam Howell,PHI,QB,3.0,,
Travis Homer,CHI,RB,9.0,,
Tyler Scott,LAR,WR,6.0,,
Jalen Reagor,,WR,2.0,,
Brandon Johnson,TB,WR,2.0,,
Jarquez Hunter,LAR,RB,5.0,,
Joshua Cephus,JAX,WR,9.0,,
Jeff Driskel,ARI,QB,6.0,,
JP Richardson,CHI,WR,9.0,,
Israel Abanikanda,,RB,1.0,,
Da'Quan Felton,NYG,WR,9.0,,
Tank Dell,HOU,WR,9.0,,
Jordan Mims,TEN,RB,8.0,,
Deshaun Watson,CLE,QB,9.0,,
Nick Mullens,JAX,QB,9.0,,
Brennan Presley,LAR,WR,9.0,,
Jawhar Jordan,HOU,RB,8.0,,
Avery Williams,,RB,2.0,,
Chris Collier,LV,RB,9.0,,
Jalen Brooks,ARI,WR,9.0,,
Tyrone Broden,SEA,WR,8.0,,
Blake Watson,TEN,RB,5.0,,
Jeshaun Jones,MIN,WR,9.0,,
Bryce Ford-Wheaton,NYG,WR,10.0,,
Brandon Smith,NYJ,WR,9.0,,
Qadir Ismail,,WR,3.0,,
Parris Campbell,DAL,WR,5.0,,
Deuce Vaughn,DEN,RB,9.0,,
Ulysses Bentley,IND,RB,10.0,,
Tom Kennedy,DET,WR,9.0,,
Rakim Jarrett,,WR,1.0,,
Malik Cunningham,DET,WR,7.0,,
John Wolford,MIN,QB,2.0,,
Will Sheppard,GB,WR,8.0,,
Jalen Cropper,DAL,WR,9.0,,
Ahmani Marshall,,RB,8.0,,
Ja'Lynn Polk,NO,WR,10.0,,
Bryson Green,,WR,1.0,,
Andre Baccellia,ARI,WR,9.0,,
Phil Mafah,DAL,RB,9.0,,
Jakobie Keeney-James,GB,WR,5.0,,
Chase Edmonds,WAS,RB,8.0,,
Phillip Dorsett,LV,WR,9.0,,
Donovan Edwards,WAS,RB,10.0,,
Kenny McIntosh,SEA,RB,9.0,,
Jalen Royals,KC,WR,5.0,,
